img,predicted,target,spoof_type,illumination,environment
./img_data/live/7021_286799_live.jpg,1.0,1.0,0.0,0.0,0.0
./img_data/spoof/445_426345_spoof.jpg,0.001,0.0,1.0,1.0,1.0
./img_data/spoof/5023_518924_spoof.jpg,0.001,0.0,1.0,1.0,1.0
./img_data/spoof/9012_232736_spoof.jpg,0.0,0.0,9.0,1.0,2.0
./img_data/spoof/7404_132356_spoof.jpg,0.004,0.0,8.0,1.0,1.0
./img_data/live/6791_069438_live.jpg,0.07,1.0,0.0,0.0,0.0
./img_data/spoof/8772_384244_spoof.jpg,0.0,0.0,9.0,3.0,1.0
./img_data/spoof/2030_376673_spoof.jpg,0.008,0.0,2.0,4.0,2.0
./img_data/live/7071_186486_live.jpg,0.685,1.0,0.0,0.0,0.0
./img_data/spoof/2624_102415_spoof.jpg,0.0,0.0,3.0,2.0,1.0
./img_data/spoof/6488_350742_spoof.jpg,0.0,0.0,7.0,1.0,1.0
./img_data/live/5706_104173_live.jpg,1.0,1.0,0.0,0.0,0.0
./img_data/spoof/4829_291511_spoof.jpg,0.024,0.0,5.0,4.0,1.0
./img_data/live/6402_323298_live.jpg,1.0,1.0,0.0,0.0,0.0
./img_data/spoof/5023_546457_spoof.jpg,0.0,0.0,1.0,1.0,1.0
./img_data/live/7158_097580_live.jpg,1.0,1.0,0.0,0.0,0.0
./img_data/live/6817_332220_live.jpg,0.999,1.0,0.0,0.0,0.0
./img_data/spoof/166_272231_spoof.jpg,0.002,0.0,1.0,1.0,1.0
./img_data/spoof/3609_418909_spoof.jpg,0.001,0.0,4.0,2.0,1.0
./img_data/spoof/5204_056375_spoof.jpg,0.0,0.0,6.0,1.0,1.0
./img_data/spoof/4856_316299_spoof.jpg,0.164,0.0,5.0,4.0,1.0
./img_data/spoof/1801_075318_spoof.jpg,0.0,0.0,2.0,1.0,2.0
./img_data/live/59_019699_live.jpg,1.0,1.0,0.0,0.0,0.0
./img_data/spoof/1289_002108_spoof.jpg,0.002,0.0,2.0,1.0,1.0
./img_data/spoof/5996_111929_spoof.jpg,0.0,0.0,6.0,1.0,2.0
./img_data/live/7283_466273_live.jpg,1.0,1.0,0.0,0.0,0.0
./img_data/live/7877_458482_live.jpg,0.339,1.0,0.0,0.0,0.0
./img_data/spoof/7766_211835_spoof.jpg,0.001,0.0,8.0,3.0,1.0
./img_data/spoof/9041_345248_spoof.jpg,0.0,0.0,9.0,1.0,2.0
./img_data/spoof/5039_456554_spoof.jpg,0.0,0.0,5.0,2.0,2.0
./img_data/live/8989_369737_live.jpg,0.001,1.0,0.0,0.0,0.0
./img_data/live/4829_315300_live.jpg,0.999,1.0,0.0,0.0,0.0
./img_data/spoof/7387_133982_spoof.jpg,0.0,0.0,8.0,1.0,1.0
./img_data/live/271_007413_live.jpg,0.997,1.0,0.0,0.0,0.0
./img_data/spoof/3628_121847_spoof.jpg,0.036,0.0,4.0,2.0,1.0
./img_data/spoof/8884_430572_spoof.jpg,0.035,0.0,9.0,4.0,1.0
./img_data/spoof/2017_075750_spoof.jpg,0.001,0.0,2.0,4.0,2.0
./img_data/spoof/5240_482989_spoof.jpg,0.0,0.0,6.0,1.0,1.0
./img_data/live/5331_286939_live.jpg,0.513,1.0,0.0,0.0,0.0
./img_data/spoof/7585_534629_spoof.jpg,0.001,0.0,6.0,1.0,1.0
./img_data/spoof/288_055496_spoof.jpg,0.0,0.0,1.0,1.0,1.0
./img_data/spoof/5831_069468_spoof.jpg,0.119,0.0,6.0,4.0,1.0
./img_data/spoof/7777_104295_spoof.jpg,0.002,0.0,8.0,3.0,1.0
./img_data/spoof/6329_500086_spoof.jpg,0.003,0.0,3.0,4.0,1.0
./img_data/spoof/5501_512463_spoof.jpg,0.028,0.0,2.0,2.0,1.0
./img_data/live/8354_334059_live.jpg,1.0,1.0,0.0,0.0,0.0
./img_data/live/6987_222054_live.jpg,1.0,1.0,0.0,0.0,0.0
./img_data/live/4328_255275_live.jpg,0.911,1.0,0.0,0.0,0.0
./img_data/live/5240_352400_live.jpg,1.0,1.0,0.0,0.0,0.0
./img_data/live/10161_200630_live.jpg,1.0,1.0,0.0,0.0,0.0
./img_data/spoof/59_091990_spoof.jpg,0.0,0.0,1.0,1.0,1.0
./img_data/spoof/5397_164164_spoof.jpg,0.0,0.0,6.0,1.0,1.0
./img_data/spoof/5511_426736_spoof.jpg,0.0,0.0,6.0,1.0,1.0
./img_data/live/4205_016953_live.jpg,0.002,1.0,7.0,1.0,1.0
./img_data/live/4310_298256_live.jpg,0.353,1.0,0.0,0.0,0.0
./img_data/live/6212_352713_live.jpg,0.997,1.0,0.0,0.0,0.0
./img_data/live/2012_445262_live.jpg,1.0,1.0,0.0,0.0,0.0
./img_data/spoof/5787_493894_spoof.jpg,0.001,0.0,6.0,3.0,1.0
./img_data/live/9541_519195_live.jpg,0.961,1.0,0.0,0.0,0.0
./img_data/live/5817_347551_live.jpg,0.998,1.0,0.0,0.0,0.0
./img_data/spoof/3217_156445_spoof.jpg,0.002,0.0,4.0,1.0,1.0
./img_data/spoof/6862_306967_spoof.jpg,0.0,0.0,7.0,4.0,1.0
./img_data/spoof/896_384036_spoof.jpg,0.001,0.0,1.0,1.0,2.0
./img_data/spoof/2179_333969_spoof.jpg,0.001,0.0,3.0,1.0,1.0
./img_data/spoof/7237_025113_spoof.jpg,0.002,0.0,8.0,1.0,1.0
./img_data/live/9022_353217_live.jpg,1.0,1.0,0.0,0.0,0.0
./img_data/spoof/7392_467644_spoof.jpg,0.002,0.0,8.0,1.0,1.0
./img_data/live/6815_074841_live.jpg,0.981,1.0,0.0,0.0,0.0
./img_data/spoof/8761_029952_spoof.jpg,0.002,0.0,9.0,3.0,1.0
./img_data/live/5622_352741_live.jpg,1.0,1.0,0.0,0.0,0.0
./img_data/spoof/8933_352796_spoof.jpg,0.022,0.0,9.0,1.0,2.0
./img_data/spoof/9785_138323_spoof.jpg,0.089,0.0,10.0,3.0,1.0
./img_data/live/6301_512429_live.jpg,1.0,1.0,0.0,0.0,0.0
./img_data/live/9874_548977_live.jpg,1.0,1.0,0.0,0.0,0.0
./img_data/live/2965_039152_live.jpg,0.998,1.0,0.0,0.0,0.0
./img_data/live/3961_447336_live.jpg,1.0,1.0,0.0,0.0,0.0
./img_data/spoof/9798_521235_spoof.jpg,0.0,0.0,10.0,1.0,1.0
./img_data/spoof/188_162575_spoof.jpg,0.006,0.0,1.0,1.0,1.0
./img_data/spoof/1633_197709_spoof.jpg,0.0,0.0,2.0,3.0,1.0
./img_data/spoof/6802_046265_spoof.jpg,0.0,0.0,7.0,3.0,1.0
./img_data/spoof/1255_381876_spoof.jpg,0.0,0.0,2.0,1.0,1.0
./img_data/spoof/10029_352099_spoof.jpg,0.0,0.0,10.0,1.0,2.0
./img_data/spoof/3717_141188_spoof.jpg,0.008,0.0,4.0,3.0,1.0
./img_data/spoof/59_015902_spoof.jpg,0.004,0.0,1.0,1.0,1.0
./img_data/live/2615_443254_live.jpg,0.664,1.0,0.0,0.0,0.0
./img_data/spoof/5706_204472_spoof.jpg,0.006,0.0,6.0,2.0,1.0
./img_data/spoof/164_104699_spoof.jpg,0.002,0.0,1.0,1.0,1.0
./img_data/live/9754_287928_live.jpg,0.98,1.0,0.0,0.0,0.0
./img_data/spoof/61_220892_spoof.jpg,0.0,0.0,1.0,1.0,1.0
./img_data/live/5777_420168_live.jpg,0.327,1.0,0.0,0.0,0.0
./img_data/spoof/6471_054657_spoof.jpg,0.012,0.0,7.0,1.0,1.0
./img_data/spoof/6018_317833_spoof.jpg,0.0,0.0,6.0,1.0,2.0
./img_data/live/9452_193684_live.jpg,1.0,1.0,0.0,0.0,0.0
./img_data/live/5093_181035_live.jpg,1.0,1.0,0.0,0.0,0.0
./img_data/spoof/3804_108434_spoof.jpg,0.011,0.0,4.0,4.0,1.0
./img_data/live/7003_056990_live.jpg,0.478,1.0,0.0,0.0,0.0
./img_data/spoof/4578_326419_spoof.jpg,0.0,0.0,5.0,2.0,1.0
./img_data/spoof/4661_077507_spoof.jpg,0.0,0.0,5.0,2.0,1.0
./img_data/spoof/9118_403216_spoof.jpg,0.001,0.0,9.0,3.0,2.0
./img_data/live/6333_325968_live.jpg,1.0,1.0,0.0,0.0,0.0
./img_data/spoof/2014_192967_spoof.jpg,0.29,0.0,2.0,3.0,2.0
./img_data/spoof/322_252777_spoof.jpg,0.001,0.0,1.0,1.0,1.0
./img_data/live/6349_294848_live.jpg,1.0,1.0,0.0,0.0,0.0
./img_data/spoof/503_467202_spoof.jpg,0.014,0.0,1.0,1.0,1.0
./img_data/live/5248_221244_live.jpg,1.0,1.0,0.0,0.0,0.0
./img_data/spoof/5601_336440_spoof.jpg,0.022,0.0,6.0,2.0,1.0
./img_data/spoof/4409_257536_spoof.jpg,0.0,0.0,5.0,1.0,1.0
./img_data/spoof/9302_249466_spoof.jpg,0.005,0.0,10.0,1.0,1.0
./img_data/live/6797_061684_live.jpg,0.939,1.0,0.0,0.0,0.0
./img_data/live/9521_342888_live.jpg,0.992,1.0,0.0,0.0,0.0
./img_data/spoof/4035_200517_spoof.jpg,0.0,0.0,4.0,2.0,2.0
./img_data/spoof/3274_093563_spoof.jpg,0.051,0.0,4.0,1.0,1.0
./img_data/spoof/8127_102321_spoof.jpg,0.0,0.0,8.0,4.0,1.0
./img_data/spoof/6829_118775_spoof.jpg,0.011,0.0,7.0,4.0,1.0
./img_data/live/575_250831_live.jpg,1.0,1.0,0.0,0.0,0.0
./img_data/spoof/607_386733_spoof.jpg,0.0,0.0,1.0,3.0,1.0
./img_data/live/8810_153693_live.jpg,0.976,1.0,0.0,0.0,0.0
./img_data/spoof/6623_267274_spoof.jpg,0.042,0.0,7.0,2.0,1.0
./img_data/spoof/4473_221515_spoof.jpg,0.0,0.0,5.0,1.0,1.0
./img_data/spoof/5331_457870_spoof.jpg,0.304,0.0,6.0,1.0,1.0
./img_data/spoof/7404_277776_spoof.jpg,0.0,0.0,8.0,1.0,1.0
./img_data/live/372_060408_live.jpg,0.809,1.0,0.0,0.0,0.0
./img_data/spoof/3847_182317_spoof.jpg,0.002,0.0,4.0,4.0,1.0
./img_data/live/5897_205266_live.jpg,1.0,1.0,0.0,0.0,0.0
./img_data/spoof/8141_165179_spoof.jpg,0.003,0.0,8.0,1.0,1.0
./img_data/spoof/8240_230755_spoof.jpg,0.031,0.0,9.0,1.0,1.0
./img_data/spoof/6859_212687_spoof.jpg,0.031,0.0,7.0,4.0,1.0
./img_data/live/7269_547248_live.jpg,1.0,1.0,0.0,0.0,0.0
./img_data/live/3788_223316_live.jpg,1.0,1.0,0.0,0.0,0.0
./img_data/spoof/2000_164806_spoof.jpg,0.0,0.0,2.0,3.0,2.0
./img_data/spoof/5777_171039_spoof.jpg,0.0,0.0,6.0,3.0,1.0
./img_data/spoof/638_436890_spoof.jpg,0.0,0.0,1.0,3.0,1.0
./img_data/spoof/5601_354603_spoof.jpg,0.0,0.0,6.0,2.0,1.0
./img_data/live/5388_393495_live.jpg,1.0,1.0,0.0,0.0,0.0
./img_data/spoof/5090_453928_spoof.jpg,0.0,0.0,5.0,4.0,2.0
./img_data/live/5190_181832_live.jpg,1.0,1.0,0.0,0.0,0.0
./img_data/spoof/9874_560351_spoof.jpg,0.997,0.0,10.0,2.0,1.0
./img_data/live/6637_267767_live.jpg,1.0,1.0,0.0,0.0,0.0
./img_data/live/7344_457479_live.jpg,1.0,1.0,0.0,0.0,0.0
./img_data/spoof/4788_031968_spoof.jpg,0.0,0.0,5.0,3.0,1.0
./img_data/live/8296_549206_live.jpg,0.996,1.0,0.0,0.0,0.0
./img_data/spoof/1650_018766_spoof.jpg,0.0,0.0,2.0,3.0,1.0
./img_data/live/5897_079980_live.jpg,1.0,1.0,0.0,0.0,0.0
./img_data/live/8426_026459_live.jpg,1.0,1.0,0.0,0.0,0.0
./img_data/live/6024_141903_live.jpg,1.0,1.0,0.0,0.0,0.0
./img_data/live/8724_430801_live.jpg,1.0,1.0,0.0,0.0,0.0
./img_data/spoof/2848_053240_spoof.jpg,0.0,0.0,3.0,1.0,2.0
./img_data/live/7962_322925_live.jpg,1.0,1.0,0.0,0.0,0.0
./img_data/spoof/3608_011539_spoof.jpg,0.0,0.0,4.0,2.0,1.0
./img_data/live/3274_290182_live.jpg,1.0,1.0,0.0,0.0,0.0
./img_data/spoof/7696_340689_spoof.jpg,0.018,0.0,8.0,2.0,1.0
./img_data/live/2542_404208_live.jpg,1.0,1.0,0.0,0.0,0.0
./img_data/spoof/4956_161538_spoof.jpg,0.0,0.0,5.0,1.0,2.0
./img_data/spoof/34_369054_spoof.jpg,0.037,0.0,7.0,1.0,1.0
./img_data/spoof/4146_177377_spoof.jpg,0.0,0.0,5.0,1.0,1.0
./img_data/live/2409_222314_live.jpg,0.6,1.0,0.0,0.0,0.0
./img_data/live/6977_080933_live.jpg,0.974,1.0,0.0,0.0,0.0
./img_data/spoof/7114_444760_spoof.jpg,0.001,0.0,7.0,3.0,2.0
./img_data/spoof/7005_510271_spoof.jpg,0.994,0.0,4.0,4.0,2.0
./img_data/live/7706_516815_live.jpg,1.0,1.0,0.0,0.0,0.0
./img_data/live/6044_406899_live.jpg,1.0,1.0,0.0,0.0,0.0
./img_data/spoof/1289_185015_spoof.jpg,0.035,0.0,2.0,1.0,1.0
./img_data/live/4856_440501_live.jpg,1.0,1.0,0.0,0.0,0.0
./img_data/spoof/9610_172094_spoof.jpg,0.0,0.0,10.0,1.0,1.0
./img_data/spoof/739_433127_spoof.jpg,0.001,0.0,1.0,4.0,1.0
./img_data/live/7766_283921_live.jpg,0.999,1.0,0.0,0.0,0.0
./img_data/spoof/1765_066907_spoof.jpg,0.004,0.0,2.0,4.0,1.0
./img_data/live/7664_540443_live.jpg,1.0,1.0,0.0,0.0,0.0
./img_data/spoof/271_188591_spoof.jpg,0.035,0.0,1.0,1.0,1.0
./img_data/live/9836_349247_live.jpg,1.0,1.0,0.0,0.0,0.0
./img_data/live/4829_145637_live.jpg,0.624,1.0,0.0,0.0,0.0
./img_data/live/6623_490335_live.jpg,0.993,1.0,0.0,0.0,0.0
./img_data/spoof/388_008442_spoof.jpg,0.0,0.0,1.0,1.0,1.0
./img_data/spoof/3139_025592_spoof.jpg,0.001,0.0,4.0,1.0,1.0
./img_data/spoof/8781_117926_spoof.jpg,0.0,0.0,9.0,3.0,1.0
./img_data/live/6301_552699_live.jpg,1.0,1.0,0.0,0.0,0.0
./img_data/live/1024_074860_live.jpg,1.0,1.0,0.0,0.0,0.0
./img_data/spoof/7585_506846_spoof.jpg,0.0,0.0,6.0,1.0,1.0
./img_data/live/6547_253720_live.jpg,1.0,1.0,0.0,0.0,0.0
./img_data/live/8933_394062_live.jpg,0.999,1.0,0.0,0.0,0.0
./img_data/live/7071_311445_live.jpg,0.4,1.0,0.0,0.0,0.0
./img_data/spoof/7081_473989_spoof.jpg,0.0,0.0,7.0,2.0,2.0
./img_data/spoof/2209_125738_spoof.jpg,0.0,0.0,3.0,1.0,1.0
./img_data/live/9785_265958_live.jpg,1.0,1.0,0.0,0.0,0.0
./img_data/spoof/6802_412181_spoof.jpg,0.002,0.0,7.0,3.0,1.0
./img_data/live/7330_320058_live.jpg,1.0,1.0,0.0,0.0,0.0
./img_data/spoof/9145_362450_spoof.jpg,0.007,0.0,9.0,4.0,2.0
./img_data/live/7777_076738_live.jpg,0.981,1.0,0.0,0.0,0.0
./img_data/live/8561_515452_live.jpg,1.0,1.0,0.0,0.0,0.0
./img_data/spoof/5805_419378_spoof.jpg,0.002,0.0,6.0,4.0,1.0
./img_data/spoof/6373_425249_spoof.jpg,0.004,0.0,7.0,1.0,1.0
./img_data/live/731_400234_live.jpg,1.0,1.0,0.0,0.0,0.0
./img_data/spoof/5878_276214_spoof.jpg,0.0,0.0,6.0,1.0,2.0
./img_data/live/7237_363419_live.jpg,1.0,1.0,0.0,0.0,0.0
./img_data/live/1255_116891_live.jpg,0.995,1.0,0.0,0.0,0.0
./img_data/spoof/1452_367812_spoof.jpg,0.0,0.0,2.0,1.0,1.0
./img_data/live/8422_234102_live.jpg,1.0,1.0,0.0,0.0,0.0
./img_data/live/1773_439754_live.jpg,0.999,1.0,0.0,0.0,0.0
./img_data/live/5313_216049_live.jpg,1.0,1.0,0.0,0.0,0.0
./img_data/spoof/5726_229259_spoof.jpg,0.11,0.0,6.0,3.0,1.0
./img_data/live/10143_273931_live.jpg,0.998,1.0,0.0,0.0,0.0
./img_data/spoof/4430_473774_spoof.jpg,0.0,0.0,5.0,1.0,1.0
./img_data/live/9553_483055_live.jpg,0.911,1.0,0.0,0.0,0.0
./img_data/spoof/7174_366202_spoof.jpg,0.0,0.0,8.0,1.0,1.0
./img_data/spoof/5153_308352_spoof.jpg,0.0,0.0,6.0,1.0,1.0
./img_data/live/8141_053026_live.jpg,0.995,1.0,0.0,0.0,0.0
./img_data/live/7003_185329_live.jpg,0.965,1.0,0.0,0.0,0.0
./img_data/live/1285_174305_live.jpg,1.0,1.0,0.0,0.0,0.0
./img_data/spoof/6802_493114_spoof.jpg,0.001,0.0,7.0,3.0,1.0
./img_data/spoof/9318_082203_spoof.jpg,0.0,0.0,10.0,1.0,1.0
./img_data/live/3046_320425_live.jpg,1.0,1.0,0.0,0.0,0.0
./img_data/live/6279_486582_live.jpg,1.0,1.0,0.0,0.0,0.0
./img_data/live/1221_460704_live.jpg,1.0,1.0,0.0,0.0,0.0
./img_data/spoof/7725_086065_spoof.jpg,0.902,0.0,8.0,2.0,1.0
./img_data/spoof/7636_202052_spoof.jpg,0.035,0.0,8.0,2.0,1.0
./img_data/spoof/6824_551403_spoof.jpg,0.964,0.0,4.0,3.0,1.0
./img_data/spoof/6815_000664_spoof.jpg,0.247,0.0,7.0,4.0,2.0
./img_data/live/9203_509402_live.jpg,1.0,1.0,0.0,0.0,0.0
./img_data/live/2014_173562_live.jpg,0.994,1.0,0.0,0.0,0.0
./img_data/spoof/1471_315292_spoof.jpg,0.001,0.0,2.0,1.0,1.0
./img_data/live/8724_309418_live.jpg,1.0,1.0,0.0,0.0,0.0
./img_data/live/7055_509837_live.jpg,0.759,1.0,0.0,0.0,0.0
./img_data/live/8141_428508_live.jpg,1.0,1.0,0.0,0.0,0.0
./img_data/live/6298_414648_live.jpg,1.0,1.0,0.0,0.0,0.0
./img_data/spoof/5440_194248_spoof.jpg,0.0,0.0,6.0,1.0,1.0
./img_data/live/438_463006_live.jpg,1.0,1.0,0.0,0.0,0.0
./img_data/spoof/5882_419636_spoof.jpg,0.0,0.0,6.0,1.0,2.0
./img_data/live/1945_438209_live.jpg,0.246,1.0,0.0,0.0,0.0
./img_data/spoof/7391_134765_spoof.jpg,0.002,0.0,8.0,1.0,1.0
./img_data/spoof/5601_449749_spoof.jpg,0.0,0.0,6.0,2.0,1.0
./img_data/live/3167_193995_live.jpg,0.998,1.0,0.0,0.0,0.0
./img_data/live/33_153101_live.jpg,1.0,1.0,0.0,0.0,0.0
./img_data/spoof/1024_301327_spoof.jpg,0.754,0.0,2.0,1.0,1.0
./img_data/spoof/8139_258167_spoof.jpg,0.0,0.0,8.0,1.0,1.0
./img_data/live/164_133146_live.jpg,1.0,1.0,0.0,0.0,0.0
./img_data/spoof/3888_479788_spoof.jpg,0.0,0.0,4.0,1.0,2.0
./img_data/spoof/4156_398402_spoof.jpg,0.0,0.0,5.0,1.0,1.0
./img_data/live/4646_165097_live.jpg,0.993,1.0,0.0,0.0,0.0
./img_data/live/5434_373895_live.jpg,1.0,1.0,0.0,0.0,0.0
./img_data/spoof/2019_028079_spoof.jpg,0.0,0.0,2.0,4.0,2.0
./img_data/live/4035_125586_live.jpg,1.0,1.0,0.0,0.0,0.0
./img_data/spoof/8411_419919_spoof.jpg,0.0,0.0,9.0,1.0,1.0
./img_data/spoof/9836_248672_spoof.jpg,0.0,0.0,10.0,3.0,1.0
./img_data/live/5964_208433_live.jpg,1.0,1.0,0.0,0.0,0.0
./img_data/live/9206_351853_live.jpg,0.999,1.0,0.0,0.0,0.0
./img_data/live/8439_367549_live.jpg,1.0,1.0,0.0,0.0,0.0
./img_data/live/9846_142149_live.jpg,1.0,1.0,0.0,0.0,0.0
./img_data/live/8080_487119_live.jpg,1.0,1.0,0.0,0.0,0.0
./img_data/spoof/1575_401710_spoof.jpg,0.0,0.0,2.0,2.0,1.0
./img_data/live/5390_413416_live.jpg,0.999,1.0,0.0,0.0,0.0
./img_data/live/8933_297974_live.jpg,1.0,1.0,0.0,0.0,0.0
./img_data/live/975_174640_live.jpg,1.0,1.0,0.0,0.0,0.0
./img_data/live/6165_268309_live.jpg,1.0,1.0,0.0,0.0,0.0
./img_data/spoof/33_180667_spoof.jpg,0.0,0.0,1.0,1.0,1.0
./img_data/spoof/5780_003035_spoof.jpg,0.0,0.0,6.0,3.0,1.0
./img_data/live/7750_371366_live.jpg,1.0,1.0,0.0,0.0,0.0
./img_data/live/5360_004897_live.jpg,1.0,1.0,0.0,0.0,0.0
./img_data/spoof/6010_502185_spoof.jpg,0.001,0.0,2.0,1.0,1.0
./img_data/live/4996_502169_live.jpg,1.0,1.0,0.0,0.0,0.0
./img_data/live/7853_150541_live.jpg,0.999,1.0,0.0,0.0,0.0
./img_data/spoof/5777_258451_spoof.jpg,0.0,0.0,6.0,3.0,1.0
./img_data/spoof/1471_122189_spoof.jpg,0.0,0.0,2.0,1.0,1.0
./img_data/spoof/6687_494885_spoof.jpg,0.117,0.0,4.0,1.0,1.0
./img_data/live/6699_328546_live.jpg,1.0,1.0,0.0,0.0,0.0
./img_data/live/1260_060377_live.jpg,1.0,1.0,0.0,0.0,0.0
./img_data/spoof/6678_073140_spoof.jpg,0.0,0.0,7.0,2.0,1.0
./img_data/spoof/6606_077273_spoof.jpg,0.015,0.0,7.0,2.0,1.0
./img_data/spoof/9078_513275_spoof.jpg,0.002,0.0,8.0,2.0,2.0
./img_data/spoof/3078_069217_spoof.jpg,0.0,0.0,3.0,4.0,2.0
./img_data/spoof/5015_538794_spoof.jpg,0.974,0.0,1.0,1.0,1.0
./img_data/live/5601_035129_live.jpg,1.0,1.0,0.0,0.0,0.0
./img_data/spoof/5388_274040_spoof.jpg,0.005,0.0,6.0,1.0,1.0
./img_data/spoof/2578_201936_spoof.jpg,0.029,0.0,3.0,2.0,1.0
./img_data/live/698_034605_live.jpg,1.0,1.0,0.0,0.0,0.0
./img_data/live/821_094260_live.jpg,1.0,1.0,0.0,0.0,0.0
./img_data/live/6428_254238_live.jpg,1.0,1.0,0.0,0.0,0.0
./img_data/live/7154_215484_live.jpg,0.123,1.0,0.0,0.0,0.0
./img_data/spoof/5046_286717_spoof.jpg,0.0,0.0,5.0,2.0,2.0
./img_data/live/7288_114050_live.jpg,1.0,1.0,0.0,0.0,0.0
./img_data/live/8342_422823_live.jpg,1.0,1.0,0.0,0.0,0.0
./img_data/spoof/9988_524356_spoof.jpg,0.0,0.0,10.0,4.0,1.0
./img_data/spoof/7737_398767_spoof.jpg,0.008,0.0,8.0,2.0,1.0
./img_data/spoof/5966_559187_spoof.jpg,0.336,0.0,7.0,1.0,1.0
./img_data/live/7269_542335_live.jpg,1.0,1.0,0.0,0.0,0.0
./img_data/spoof/3534_027426_spoof.jpg,0.001,0.0,4.0,1.0,1.0
./img_data/spoof/7706_529551_spoof.jpg,0.0,0.0,6.0,1.0,1.0
./img_data/spoof/6743_520937_spoof.jpg,0.0,0.0,4.0,1.0,1.0
./img_data/live/4156_295622_live.jpg,1.0,1.0,0.0,0.0,0.0
./img_data/spoof/7664_555420_spoof.jpg,0.884,0.0,7.0,1.0,1.0
./img_data/spoof/6726_520431_spoof.jpg,0.36,0.0,7.0,1.0,1.0
./img_data/live/2539_040344_live.jpg,1.0,1.0,0.0,0.0,0.0
./img_data/live/2747_094393_live.jpg,1.0,1.0,0.0,0.0,0.0
./img_data/live/5093_076610_live.jpg,0.346,1.0,0.0,0.0,0.0
./img_data/live/7511_444790_live.jpg,1.0,1.0,0.0,0.0,0.0
./img_data/live/5692_352771_live.jpg,1.0,1.0,0.0,0.0,0.0
./img_data/spoof/372_336171_spoof.jpg,0.0,0.0,1.0,1.0,1.0
./img_data/spoof/9553_103846_spoof.jpg,0.001,0.0,10.0,1.0,1.0
./img_data/live/7005_556239_live.jpg,1.0,1.0,0.0,0.0,0.0
./img_data/live/3802_011345_live.jpg,1.0,1.0,0.0,0.0,0.0
./img_data/spoof/4875_227338_spoof.jpg,0.0,0.0,5.0,1.0,2.0
./img_data/spoof/6815_485091_spoof.jpg,0.0,0.0,7.0,4.0,1.0
./img_data/spoof/6410_318115_spoof.jpg,0.0,0.0,7.0,1.0,1.0
./img_data/spoof/1838_162030_spoof.jpg,0.042,0.0,2.0,1.0,2.0
./img_data/spoof/5434_310556_spoof.jpg,0.0,0.0,6.0,1.0,1.0
./img_data/live/4856_169943_live.jpg,1.0,1.0,0.0,0.0,0.0
./img_data/spoof/5787_274757_spoof.jpg,0.0,0.0,6.0,3.0,1.0
./img_data/live/3961_399591_live.jpg,0.999,1.0,0.0,0.0,0.0
./img_data/live/6824_519217_live.jpg,0.945,1.0,0.0,0.0,0.0
./img_data/spoof/5834_145760_spoof.jpg,0.004,0.0,6.0,4.0,1.0
./img_data/live/7664_514804_live.jpg,1.0,1.0,0.0,0.0,0.0
./img_data/live/445_323010_live.jpg,0.707,1.0,0.0,0.0,0.0
./img_data/live/9746_501195_live.jpg,1.0,1.0,0.0,0.0,0.0
./img_data/spoof/9141_273621_spoof.jpg,0.103,0.0,9.0,4.0,2.0
./img_data/spoof/3068_163077_spoof.jpg,0.0,0.0,3.0,4.0,2.0
./img_data/spoof/3174_391601_spoof.jpg,0.0,0.0,4.0,1.0,1.0
./img_data/spoof/5897_401848_spoof.jpg,0.035,0.0,6.0,1.0,2.0
./img_data/spoof/7992_354287_spoof.jpg,0.0,0.0,8.0,1.0,2.0
./img_data/spoof/10143_204801_spoof.jpg,0.0,0.0,10.0,3.0,2.0
./img_data/live/1966_476904_live.jpg,0.998,1.0,0.0,0.0,0.0
./img_data/spoof/9918_019564_spoof.jpg,0.006,0.0,10.0,4.0,1.0
./img_data/live/1289_406400_live.jpg,0.852,1.0,0.0,0.0,0.0
./img_data/live/271_003140_live.jpg,0.999,1.0,0.0,0.0,0.0
./img_data/live/1232_425493_live.jpg,0.926,1.0,0.0,0.0,0.0
./img_data/spoof/438_388991_spoof.jpg,0.0,0.0,1.0,1.0,1.0
./img_data/live/1333_126377_live.jpg,1.0,1.0,0.0,0.0,0.0
./img_data/spoof/4751_436177_spoof.jpg,0.0,0.0,5.0,3.0,1.0
./img_data/spoof/3802_128887_spoof.jpg,0.058,0.0,4.0,4.0,1.0
./img_data/live/5090_319421_live.jpg,1.0,1.0,0.0,0.0,0.0
./img_data/live/739_440649_live.jpg,1.0,1.0,0.0,0.0,0.0
./img_data/spoof/4366_210557_spoof.jpg,0.003,0.0,5.0,1.0,1.0
./img_data/live/1478_408756_live.jpg,1.0,1.0,0.0,0.0,0.0
./img_data/spoof/575_390310_spoof.jpg,0.0,0.0,1.0,2.0,1.0
./img_data/spoof/9682_348991_spoof.jpg,0.0,0.0,10.0,2.0,1.0
./img_data/spoof/7154_268055_spoof.jpg,0.0,0.0,8.0,1.0,1.0
./img_data/spoof/740_267679_spoof.jpg,0.001,0.0,1.0,4.0,1.0
./img_data/live/8781_469113_live.jpg,1.0,1.0,0.0,0.0,0.0
./img_data/live/5436_281300_live.jpg,0.993,1.0,0.0,0.0,0.0
./img_data/spoof/9666_439043_spoof.jpg,0.001,0.0,10.0,2.0,1.0
./img_data/spoof/5093_153067_spoof.jpg,0.007,0.0,5.0,4.0,2.0
./img_data/live/8354_227886_live.jpg,0.999,1.0,0.0,0.0,0.0
./img_data/live/295_384343_live.jpg,0.0,1.0,0.0,0.0,0.0
./img_data/live/6688_288969_live.jpg,0.998,1.0,0.0,0.0,0.0
./img_data/spoof/2372_078701_spoof.jpg,0.0,0.0,3.0,1.0,1.0
./img_data/live/6806_458637_live.jpg,1.0,1.0,0.0,0.0,0.0
./img_data/spoof/9557_422323_spoof.jpg,0.0,0.0,10.0,1.0,1.0
./img_data/live/9221_301936_live.jpg,0.997,1.0,0.0,0.0,0.0
./img_data/live/288_035683_live.jpg,1.0,1.0,0.0,0.0,0.0
./img_data/spoof/3058_339046_spoof.jpg,0.0,0.0,3.0,3.0,2.0
./img_data/live/206_454183_live.jpg,1.0,1.0,0.0,0.0,0.0
./img_data/spoof/3121_185925_spoof.jpg,0.0,0.0,4.0,1.0,1.0
./img_data/live/1633_464380_live.jpg,0.758,1.0,0.0,0.0,0.0
./img_data/live/3847_228107_live.jpg,1.0,1.0,0.0,0.0,0.0
./img_data/live/3008_251721_live.jpg,1.0,1.0,0.0,0.0,0.0
./img_data/spoof/2542_126273_spoof.jpg,0.046,0.0,3.0,2.0,1.0
./img_data/spoof/6373_291019_spoof.jpg,0.0,0.0,7.0,1.0,1.0
./img_data/spoof/2542_489156_spoof.jpg,0.0,0.0,3.0,2.0,1.0
./img_data/spoof/4495_468415_spoof.jpg,0.0,0.0,5.0,1.0,1.0
./img_data/spoof/5635_214945_spoof.jpg,0.0,0.0,6.0,2.0,1.0
./img_data/spoof/213_320891_spoof.jpg,0.002,0.0,1.0,1.0,1.0
./img_data/spoof/1629_257607_spoof.jpg,0.008,0.0,2.0,3.0,1.0
./img_data/live/2991_415017_live.jpg,1.0,1.0,0.0,0.0,0.0
./img_data/live/4960_293060_live.jpg,1.0,1.0,0.0,0.0,0.0
./img_data/live/592_468565_live.jpg,0.997,1.0,0.0,0.0,0.0
./img_data/spoof/2654_036537_spoof.jpg,0.993,0.0,3.0,2.0,1.0
./img_data/live/7859_506426_live.jpg,1.0,1.0,0.0,0.0,0.0
./img_data/spoof/5295_334428_spoof.jpg,0.0,0.0,6.0,1.0,1.0
./img_data/spoof/1780_456572_spoof.jpg,0.007,0.0,2.0,4.0,1.0
./img_data/spoof/4646_222887_spoof.jpg,0.0,0.0,5.0,2.0,1.0
./img_data/spoof/3264_316062_spoof.jpg,0.106,0.0,4.0,1.0,1.0
./img_data/live/3121_318444_live.jpg,0.99,1.0,0.0,0.0,0.0
./img_data/live/3398_487891_live.jpg,1.0,1.0,0.0,0.0,0.0
./img_data/spoof/4354_427020_spoof.jpg,0.0,0.0,5.0,1.0,1.0
./img_data/spoof/8872_306183_spoof.jpg,0.0,0.0,9.0,4.0,1.0
./img_data/live/3217_249971_live.jpg,1.0,1.0,0.0,0.0,0.0
./img_data/spoof/6547_211919_spoof.jpg,0.014,0.0,7.0,1.0,1.0
./img_data/spoof/8080_090652_spoof.jpg,0.001,0.0,8.0,2.0,2.0
./img_data/live/2542_002959_live.jpg,0.998,1.0,0.0,0.0,0.0
./img_data/spoof/6688_026642_spoof.jpg,0.005,0.0,7.0,2.0,1.0
./img_data/live/3078_117340_live.jpg,1.0,1.0,0.0,0.0,0.0
./img_data/live/5485_044234_live.jpg,0.998,1.0,0.0,0.0,0.0
./img_data/live/6854_523217_live.jpg,0.978,1.0,0.0,0.0,0.0
./img_data/live/3264_286354_live.jpg,0.717,1.0,0.0,0.0,0.0
./img_data/live/6687_535741_live.jpg,1.0,1.0,0.0,0.0,0.0
./img_data/spoof/9203_554159_spoof.jpg,0.001,0.0,9.0,1.0,1.0
./img_data/spoof/7423_259384_spoof.jpg,0.0,0.0,8.0,1.0,1.0
./img_data/live/8008_200683_live.jpg,1.0,1.0,0.0,0.0,0.0
./img_data/spoof/7511_421526_spoof.jpg,0.002,0.0,8.0,1.0,1.0
./img_data/live/5917_345065_live.jpg,1.0,1.0,0.0,0.0,0.0
./img_data/live/6688_325051_live.jpg,1.0,1.0,0.0,0.0,0.0
./img_data/spoof/831_052792_spoof.jpg,0.006,0.0,1.0,1.0,2.0
./img_data/live/7107_233547_live.jpg,1.0,1.0,0.0,0.0,0.0
./img_data/spoof/9805_029371_spoof.jpg,0.001,0.0,10.0,3.0,1.0
./img_data/live/1296_403129_live.jpg,1.0,1.0,0.0,0.0,0.0
./img_data/live/59_402718_live.jpg,1.0,1.0,0.0,0.0,0.0
./img_data/live/5501_496954_live.jpg,1.0,1.0,0.0,0.0,0.0
./img_data/live/4842_273745_live.jpg,1.0,1.0,0.0,0.0,0.0
./img_data/spoof/7646_303555_spoof.jpg,0.701,0.0,8.0,2.0,1.0
./img_data/live/6802_429563_live.jpg,1.0,1.0,0.0,0.0,0.0
./img_data/spoof/3046_340205_spoof.jpg,0.0,0.0,3.0,3.0,2.0
./img_data/spoof/4572_123493_spoof.jpg,0.001,0.0,5.0,2.0,1.0
./img_data/spoof/6077_332657_spoof.jpg,0.001,0.0,6.0,3.0,2.0
./img_data/live/5961_039941_live.jpg,0.1,1.0,0.0,0.0,0.0
./img_data/live/5204_031273_live.jpg,1.0,1.0,0.0,0.0,0.0
./img_data/live/1002_169071_live.jpg,1.0,1.0,0.0,0.0,0.0
./img_data/spoof/7261_032777_spoof.jpg,0.004,0.0,8.0,1.0,1.0
./img_data/live/3651_075993_live.jpg,0.999,1.0,0.0,0.0,0.0
./img_data/spoof/1260_194227_spoof.jpg,0.0,0.0,2.0,1.0,1.0
./img_data/live/622_302126_live.jpg,0.999,1.0,0.0,0.0,0.0
./img_data/live/9155_455410_live.jpg,1.0,1.0,0.0,0.0,0.0
./img_data/live/8209_111255_live.jpg,0.996,1.0,0.0,0.0,0.0
./img_data/live/8330_533317_live.jpg,1.0,1.0,0.0,0.0,0.0
./img_data/live/6260_133101_live.jpg,0.991,1.0,0.0,0.0,0.0
./img_data/live/9141_280056_live.jpg,1.0,1.0,0.0,0.0,0.0
./img_data/spoof/8080_436036_spoof.jpg,0.0,0.0,8.0,2.0,2.0
./img_data/live/5365_137930_live.jpg,1.0,1.0,0.0,0.0,0.0
./img_data/spoof/7336_250267_spoof.jpg,0.008,0.0,8.0,1.0,1.0
./img_data/spoof/9090_333659_spoof.jpg,0.0,0.0,9.0,2.0,2.0
./img_data/live/10093_110344_live.jpg,0.012,1.0,0.0,0.0,0.0
./img_data/live/2019_228309_live.jpg,1.0,1.0,0.0,0.0,0.0
./img_data/spoof/9591_243538_spoof.jpg,0.0,0.0,10.0,1.0,1.0
./img_data/live/1333_114420_live.jpg,0.967,1.0,0.0,0.0,0.0
./img_data/live/808_453394_live.jpg,0.003,1.0,7.0,1.0,1.0
./img_data/live/2871_011348_live.jpg,0.999,1.0,0.0,0.0,0.0
./img_data/live/271_140559_live.jpg,0.994,1.0,0.0,0.0,0.0
./img_data/live/322_235475_live.jpg,0.036,1.0,0.0,0.0,0.0
./img_data/live/1156_436338_live.jpg,0.117,1.0,7.0,1.0,1.0
./img_data/live/7392_006296_live.jpg,1.0,1.0,0.0,0.0,0.0
./img_data/live/4366_004432_live.jpg,0.991,1.0,0.0,0.0,0.0
./img_data/spoof/9754_358656_spoof.jpg,0.001,0.0,10.0,2.0,1.0
./img_data/live/7003_066594_live.jpg,1.0,1.0,0.0,0.0,0.0
./img_data/live/3024_353234_live.jpg,0.985,1.0,0.0,0.0,0.0
./img_data/live/4223_480559_live.jpg,0.712,1.0,0.0,0.0,0.0
./img_data/live/7423_247924_live.jpg,1.0,1.0,0.0,0.0,0.0
./img_data/live/5966_542580_live.jpg,1.0,1.0,0.0,0.0,0.0
./img_data/spoof/5007_151432_spoof.jpg,0.0,0.0,5.0,1.0,2.0
./img_data/live/10167_063911_live.jpg,1.0,1.0,0.0,0.0,0.0
./img_data/live/8571_559204_live.jpg,0.003,1.0,0.0,0.0,0.0
./img_data/live/8052_552262_live.jpg,1.0,1.0,0.0,0.0,0.0
./img_data/live/5882_398321_live.jpg,0.999,1.0,0.0,0.0,0.0
./img_data/spoof/8483_387939_spoof.jpg,0.018,0.0,9.0,1.0,1.0
./img_data/live/8489_550244_live.jpg,0.979,1.0,0.0,0.0,0.0
./img_data/live/2280_385569_live.jpg,0.996,1.0,0.0,0.0,0.0
./img_data/live/8012_479529_live.jpg,1.0,1.0,0.0,0.0,0.0
./img_data/live/8802_469297_live.jpg,0.999,1.0,0.0,0.0,0.0
./img_data/live/4473_110268_live.jpg,1.0,1.0,0.0,0.0,0.0
./img_data/spoof/2225_213552_spoof.jpg,0.948,0.0,3.0,1.0,1.0
./img_data/live/5069_043496_live.jpg,1.0,1.0,0.0,0.0,0.0
./img_data/live/1889_190245_live.jpg,1.0,1.0,0.0,0.0,0.0
./img_data/spoof/977_044152_spoof.jpg,0.0,0.0,1.0,3.0,2.0
./img_data/live/4996_539928_live.jpg,1.0,1.0,0.0,0.0,0.0
./img_data/live/6119_067953_live.jpg,1.0,1.0,0.0,0.0,0.0
./img_data/spoof/448_339705_spoof.jpg,0.0,0.0,7.0,1.0,1.0
./img_data/live/6941_154831_live.jpg,1.0,1.0,0.0,0.0,0.0
./img_data/live/164_460950_live.jpg,1.0,1.0,0.0,0.0,0.0
./img_data/live/213_217642_live.jpg,0.737,1.0,0.0,0.0,0.0
./img_data/spoof/8989_019247_spoof.jpg,0.261,0.0,9.0,1.0,2.0
./img_data/spoof/6688_143465_spoof.jpg,0.0,0.0,7.0,2.0,1.0
./img_data/live/6802_009196_live.jpg,1.0,1.0,0.0,0.0,0.0
./img_data/spoof/5884_465319_spoof.jpg,0.0,0.0,6.0,1.0,2.0
./img_data/live/3078_013889_live.jpg,1.0,1.0,0.0,0.0,0.0
./img_data/spoof/879_187560_spoof.jpg,0.004,0.0,1.0,1.0,2.0
./img_data/spoof/8158_088010_spoof.jpg,0.007,0.0,9.0,1.0,1.0
./img_data/spoof/9065_404518_spoof.jpg,0.104,0.0,9.0,2.0,2.0
./img_data/spoof/5396_470751_spoof.jpg,0.0,0.0,6.0,1.0,1.0
./img_data/live/9302_242857_live.jpg,1.0,1.0,0.0,0.0,0.0
./img_data/live/6581_000167_live.jpg,1.0,1.0,0.0,0.0,0.0
./img_data/live/2907_136463_live.jpg,0.999,1.0,0.0,0.0,0.0
./img_data/live/5015_548183_live.jpg,1.0,1.0,0.0,0.0,0.0
./img_data/spoof/3005_417617_spoof.jpg,0.001,0.0,3.0,2.0,2.0
./img_data/live/1260_199864_live.jpg,1.0,1.0,0.0,0.0,0.0
./img_data/live/3846_188653_live.jpg,1.0,1.0,0.0,0.0,0.0
./img_data/spoof/5897_182384_spoof.jpg,0.0,0.0,6.0,1.0,2.0
./img_data/live/9798_543633_live.jpg,0.996,1.0,0.0,0.0,0.0
./img_data/spoof/9539_378842_spoof.jpg,0.009,0.0,10.0,1.0,1.0
./img_data/spoof/2309_267231_spoof.jpg,0.0,0.0,3.0,1.0,1.0
./img_data/spoof/8487_174690_spoof.jpg,0.0,0.0,9.0,1.0,1.0
./img_data/live/4278_078212_live.jpg,1.0,1.0,0.0,0.0,0.0
./img_data/spoof/407_199560_spoof.jpg,0.0,0.0,1.0,1.0,1.0
./img_data/spoof/2204_007831_spoof.jpg,0.0,0.0,3.0,1.0,1.0
./img_data/spoof/2218_311119_spoof.jpg,0.0,0.0,3.0,1.0,1.0
./img_data/live/5767_460921_live.jpg,1.0,1.0,0.0,0.0,0.0
./img_data/live/8721_017113_live.jpg,0.973,1.0,0.0,0.0,0.0
./img_data/live/4652_044440_live.jpg,1.0,1.0,0.0,0.0,0.0
./img_data/spoof/6279_309974_spoof.jpg,0.001,0.0,7.0,1.0,1.0
./img_data/spoof/4414_211757_spoof.jpg,0.001,0.0,5.0,1.0,1.0
./img_data/live/6399_529373_live.jpg,0.998,1.0,0.0,0.0,0.0
./img_data/spoof/8905_334232_spoof.jpg,0.001,0.0,9.0,4.0,1.0
./img_data/spoof/7610_414329_spoof.jpg,0.755,0.0,8.0,2.0,1.0
./img_data/live/2978_268470_live.jpg,1.0,1.0,0.0,0.0,0.0
./img_data/live/4751_337836_live.jpg,1.0,1.0,0.0,0.0,0.0
./img_data/live/739_136621_live.jpg,0.988,1.0,0.0,0.0,0.0
./img_data/live/9145_059219_live.jpg,1.0,1.0,0.0,0.0,0.0
./img_data/spoof/7853_297220_spoof.jpg,0.001,0.0,8.0,4.0,1.0
./img_data/spoof/4996_553244_spoof.jpg,0.001,0.0,1.0,1.0,1.0
./img_data/spoof/3638_353300_spoof.jpg,0.0,0.0,4.0,2.0,1.0
./img_data/live/6300_273950_live.jpg,0.995,1.0,0.0,0.0,0.0
./img_data/live/5964_128569_live.jpg,1.0,1.0,0.0,0.0,0.0
./img_data/live/6987_306818_live.jpg,1.0,1.0,0.0,0.0,0.0
./img_data/live/2030_431324_live.jpg,1.0,1.0,0.0,0.0,0.0
./img_data/spoof/6013_127839_spoof.jpg,0.296,0.0,6.0,1.0,2.0
./img_data/live/6410_342952_live.jpg,1.0,1.0,0.0,0.0,0.0
./img_data/spoof/9750_371702_spoof.jpg,0.0,0.0,10.0,2.0,1.0
./img_data/spoof/1791_425660_spoof.jpg,0.013,0.0,7.0,1.0,1.0
./img_data/live/6734_498899_live.jpg,1.0,1.0,0.0,0.0,0.0
./img_data/live/296_032633_live.jpg,0.726,1.0,0.0,0.0,0.0
./img_data/live/4856_286885_live.jpg,1.0,1.0,0.0,0.0,0.0
./img_data/spoof/5619_288293_spoof.jpg,0.0,0.0,6.0,2.0,1.0
./img_data/live/6344_322540_live.jpg,0.987,1.0,0.0,0.0,0.0
./img_data/spoof/4667_265478_spoof.jpg,0.0,0.0,5.0,2.0,1.0
./img_data/spoof/5153_390620_spoof.jpg,0.0,0.0,6.0,1.0,1.0
./img_data/spoof/8096_341080_spoof.jpg,0.001,0.0,8.0,3.0,2.0
./img_data/live/3572_031842_live.jpg,0.681,1.0,0.0,0.0,0.0
./img_data/spoof/7261_206514_spoof.jpg,0.0,0.0,8.0,1.0,1.0
./img_data/spoof/4401_476512_spoof.jpg,0.001,0.0,5.0,1.0,1.0
./img_data/spoof/7423_148366_spoof.jpg,0.0,0.0,8.0,1.0,1.0
./img_data/spoof/6488_313176_spoof.jpg,0.008,0.0,7.0,1.0,1.0
./img_data/spoof/697_291393_spoof.jpg,0.0,0.0,1.0,4.0,1.0
./img_data/live/4551_457847_live.jpg,1.0,1.0,0.0,0.0,0.0
./img_data/live/9990_096121_live.jpg,0.998,1.0,0.0,0.0,0.0
./img_data/spoof/4356_238732_spoof.jpg,0.001,0.0,5.0,1.0,1.0
./img_data/live/693_449580_live.jpg,0.807,1.0,0.0,0.0,0.0
./img_data/spoof/3717_406389_spoof.jpg,0.0,0.0,4.0,3.0,1.0
./img_data/spoof/1541_338838_spoof.jpg,0.119,0.0,2.0,2.0,1.0
./img_data/spoof/3244_061862_spoof.jpg,0.0,0.0,4.0,1.0,1.0
./img_data/live/8910_265926_live.jpg,0.999,1.0,0.0,0.0,0.0
./img_data/live/6815_134332_live.jpg,0.996,1.0,0.0,0.0,0.0
./img_data/live/6272_557278_live.jpg,0.991,1.0,0.0,0.0,0.0
./img_data/live/5154_239545_live.jpg,0.991,1.0,0.0,0.0,0.0
./img_data/live/6987_328474_live.jpg,1.0,1.0,0.0,0.0,0.0
./img_data/live/2225_300278_live.jpg,1.0,1.0,0.0,0.0,0.0
./img_data/spoof/9682_069059_spoof.jpg,0.0,0.0,10.0,2.0,1.0
./img_data/live/4476_224601_live.jpg,1.0,1.0,0.0,0.0,0.0
./img_data/live/8772_379492_live.jpg,0.984,1.0,0.0,0.0,0.0
./img_data/live/2058_309032_live.jpg,1.0,1.0,0.0,0.0,0.0
./img_data/spoof/5215_477500_spoof.jpg,0.0,0.0,6.0,1.0,1.0
./img_data/spoof/7297_457776_spoof.jpg,0.0,0.0,8.0,1.0,1.0
./img_data/live/6802_239753_live.jpg,1.0,1.0,0.0,0.0,0.0
./img_data/spoof/4744_112919_spoof.jpg,0.0,0.0,5.0,3.0,1.0
./img_data/live/6197_537837_live.jpg,1.0,1.0,0.0,0.0,0.0
./img_data/live/5440_014795_live.jpg,0.998,1.0,0.0,0.0,0.0
./img_data/spoof/5069_425924_spoof.jpg,0.0,0.0,5.0,3.0,2.0
./img_data/live/5606_156675_live.jpg,1.0,1.0,0.0,0.0,0.0
./img_data/live/7261_200185_live.jpg,0.936,1.0,0.0,0.0,0.0
./img_data/live/2464_209331_live.jpg,1.0,1.0,0.0,0.0,0.0
./img_data/spoof/9175_406267_spoof.jpg,0.0,0.0,10.0,1.0,1.0
./img_data/spoof/6428_305135_spoof.jpg,0.0,0.0,7.0,1.0,1.0
./img_data/live/2204_097374_live.jpg,1.0,1.0,0.0,0.0,0.0
./img_data/live/9769_503372_live.jpg,1.0,1.0,0.0,0.0,0.0
./img_data/spoof/3688_379920_spoof.jpg,0.0,0.0,4.0,2.0,1.0
./img_data/spoof/1221_257462_spoof.jpg,0.0,0.0,2.0,1.0,1.0
./img_data/spoof/7790_228468_spoof.jpg,0.0,0.0,8.0,3.0,1.0
./img_data/spoof/2464_150559_spoof.jpg,0.095,0.0,3.0,1.0,1.0
./img_data/live/8487_172033_live.jpg,1.0,1.0,0.0,0.0,0.0
./img_data/live/10094_206697_live.jpg,0.999,1.0,0.0,0.0,0.0
./img_data/spoof/927_069194_spoof.jpg,0.006,0.0,1.0,2.0,2.0
./img_data/spoof/1471_053087_spoof.jpg,0.0,0.0,2.0,1.0,1.0
./img_data/live/4996_503271_live.jpg,0.939,1.0,0.0,0.0,0.0
./img_data/spoof/587_054650_spoof.jpg,0.0,0.0,1.0,2.0,1.0
./img_data/spoof/7041_156141_spoof.jpg,0.029,0.0,7.0,1.0,2.0
./img_data/live/5426_558391_live.jpg,1.0,1.0,0.0,0.0,0.0
./img_data/live/7081_006002_live.jpg,1.0,1.0,0.0,0.0,0.0
./img_data/live/5635_176972_live.jpg,1.0,1.0,0.0,0.0,0.0
./img_data/spoof/8426_019577_spoof.jpg,0.0,0.0,9.0,1.0,1.0
./img_data/live/4298_454748_live.jpg,1.0,1.0,0.0,0.0,0.0
./img_data/spoof/5895_248997_spoof.jpg,0.0,0.0,6.0,1.0,2.0
./img_data/live/7109_254919_live.jpg,1.0,1.0,0.0,0.0,0.0
./img_data/live/2019_061471_live.jpg,1.0,1.0,0.0,0.0,0.0
./img_data/spoof/5360_032397_spoof.jpg,0.0,0.0,6.0,1.0,1.0
./img_data/live/4667_112458_live.jpg,1.0,1.0,0.0,0.0,0.0
./img_data/live/2848_002728_live.jpg,1.0,1.0,0.0,0.0,0.0
./img_data/live/8933_044171_live.jpg,0.982,1.0,0.0,0.0,0.0
./img_data/spoof/3468_354747_spoof.jpg,0.0,0.0,4.0,1.0,1.0
./img_data/spoof/4875_346294_spoof.jpg,0.0,0.0,5.0,1.0,2.0
./img_data/spoof/8922_373238_spoof.jpg,0.002,0.0,9.0,1.0,2.0
./img_data/spoof/4751_250894_spoof.jpg,0.001,0.0,5.0,3.0,1.0
./img_data/spoof/1974_404259_spoof.jpg,0.0,0.0,2.0,2.0,2.0
./img_data/live/4430_075561_live.jpg,0.968,1.0,0.0,0.0,0.0
./img_data/spoof/6349_115226_spoof.jpg,0.0,0.0,7.0,1.0,1.0
./img_data/live/9986_179056_live.jpg,0.989,1.0,0.0,0.0,0.0
./img_data/spoof/4856_064423_spoof.jpg,0.0,0.0,5.0,4.0,1.0
./img_data/spoof/9892_337264_spoof.jpg,0.092,0.0,10.0,4.0,1.0
./img_data/spoof/1156_280052_spoof.jpg,0.003,0.0,2.0,1.0,1.0
./img_data/live/7114_069061_live.jpg,1.0,1.0,0.0,0.0,0.0
./img_data/live/59_267374_live.jpg,1.0,1.0,0.0,0.0,0.0
./img_data/live/1765_009086_live.jpg,0.998,1.0,0.0,0.0,0.0
./img_data/live/2535_358986_live.jpg,1.0,1.0,0.0,0.0,0.0
./img_data/live/2977_277927_live.jpg,1.0,1.0,0.0,0.0,0.0
./img_data/spoof/3389_428107_spoof.jpg,0.0,0.0,4.0,2.0,1.0
./img_data/live/3833_356582_live.jpg,1.0,1.0,0.0,0.0,0.0
./img_data/live/831_384737_live.jpg,0.022,1.0,0.0,0.0,0.0
./img_data/spoof/6024_192806_spoof.jpg,0.0,0.0,6.0,2.0,2.0
./img_data/live/5565_318506_live.jpg,0.999,1.0,0.0,0.0,0.0
./img_data/spoof/1200_468198_spoof.jpg,0.0,0.0,2.0,1.0,1.0
./img_data/live/10010_121463_live.jpg,0.979,1.0,0.0,0.0,0.0
./img_data/spoof/4216_047289_spoof.jpg,0.0,0.0,5.0,1.0,1.0
./img_data/live/7158_160949_live.jpg,0.963,1.0,0.0,0.0,0.0
./img_data/spoof/6935_023710_spoof.jpg,0.001,0.0,7.0,1.0,2.0
./img_data/spoof/693_464444_spoof.jpg,0.01,0.0,1.0,4.0,1.0
./img_data/live/2194_262217_live.jpg,0.975,1.0,0.0,0.0,0.0
./img_data/live/3717_481215_live.jpg,0.999,1.0,0.0,0.0,0.0
./img_data/live/7339_491438_live.jpg,1.0,1.0,0.0,0.0,0.0
./img_data/spoof/739_238370_spoof.jpg,0.0,0.0,1.0,4.0,1.0
./img_data/live/8127_179297_live.jpg,1.0,1.0,0.0,0.0,0.0
./img_data/spoof/3788_394937_spoof.jpg,0.014,0.0,4.0,4.0,1.0
./img_data/live/1333_319691_live.jpg,0.999,1.0,0.0,0.0,0.0
./img_data/spoof/59_151654_spoof.jpg,0.226,0.0,1.0,1.0,1.0
./img_data/spoof/3846_195265_spoof.jpg,0.003,0.0,4.0,4.0,1.0
./img_data/live/6038_494556_live.jpg,1.0,1.0,0.0,0.0,0.0
./img_data/live/8922_152943_live.jpg,1.0,1.0,0.0,0.0,0.0
./img_data/live/9932_148553_live.jpg,0.953,1.0,0.0,0.0,0.0
./img_data/spoof/9205_232195_spoof.jpg,0.387,0.0,10.0,1.0,1.0
./img_data/spoof/5365_191289_spoof.jpg,0.0,0.0,6.0,1.0,1.0
./img_data/spoof/9118_177613_spoof.jpg,0.953,0.0,9.0,3.0,2.0
./img_data/live/8080_427613_live.jpg,1.0,1.0,0.0,0.0,0.0
./img_data/live/5153_184762_live.jpg,0.03,1.0,0.0,0.0,0.0
./img_data/live/8445_558672_live.jpg,0.999,1.0,0.0,0.0,0.0
./img_data/live/6297_553632_live.jpg,0.998,1.0,0.0,0.0,0.0
./img_data/spoof/448_311210_spoof.jpg,0.0,0.0,1.0,2.0,1.0
./img_data/live/9852_498868_live.jpg,0.972,1.0,0.0,0.0,0.0
./img_data/spoof/3046_121978_spoof.jpg,0.0,0.0,3.0,3.0,2.0
./img_data/spoof/5522_390683_spoof.jpg,0.0,0.0,6.0,1.0,1.0
./img_data/spoof/6464_364393_spoof.jpg,0.0,0.0,7.0,1.0,1.0
./img_data/live/5215_217796_live.jpg,1.0,1.0,0.0,0.0,0.0
./img_data/spoof/6794_515273_spoof.jpg,0.003,0.0,4.0,1.0,1.0
./img_data/spoof/9155_298435_spoof.jpg,0.0,0.0,9.0,4.0,2.0
./img_data/spoof/2527_060456_spoof.jpg,0.0,0.0,3.0,2.0,1.0
./img_data/live/3020_011362_live.jpg,1.0,1.0,0.0,0.0,0.0
./img_data/spoof/3398_266812_spoof.jpg,0.0,0.0,4.0,2.0,1.0
./img_data/live/5132_515207_live.jpg,1.0,1.0,0.0,0.0,0.0
./img_data/live/1773_248195_live.jpg,1.0,1.0,0.0,0.0,0.0
./img_data/spoof/3995_031583_spoof.jpg,0.007,0.0,4.0,1.0,2.0
./img_data/spoof/5619_232383_spoof.jpg,0.0,0.0,6.0,2.0,1.0
./img_data/live/1575_216806_live.jpg,1.0,1.0,0.0,0.0,0.0
./img_data/spoof/4829_137991_spoof.jpg,0.027,0.0,5.0,4.0,1.0
./img_data/live/6013_222177_live.jpg,0.993,1.0,0.0,0.0,0.0
./img_data/live/9041_209298_live.jpg,1.0,1.0,0.0,0.0,0.0
./img_data/spoof/5390_398415_spoof.jpg,0.0,0.0,6.0,1.0,1.0
./img_data/live/6794_520782_live.jpg,1.0,1.0,0.0,0.0,0.0
./img_data/spoof/2058_175077_spoof.jpg,0.001,0.0,3.0,1.0,1.0
./img_data/live/448_411822_live.jpg,1.0,1.0,0.0,0.0,0.0
./img_data/spoof/4431_291295_spoof.jpg,0.053,0.0,5.0,1.0,1.0
./img_data/live/6943_245581_live.jpg,1.0,1.0,0.0,0.0,0.0
./img_data/spoof/5606_302670_spoof.jpg,0.0,0.0,6.0,2.0,1.0
./img_data/spoof/6024_171390_spoof.jpg,0.0,0.0,6.0,2.0,2.0
./img_data/live/677_318828_live.jpg,1.0,1.0,0.0,0.0,0.0
./img_data/spoof/2019_214141_spoof.jpg,0.0,0.0,2.0,4.0,2.0
./img_data/spoof/8529_264723_spoof.jpg,0.026,0.0,9.0,1.0,1.0
./img_data/spoof/362_066006_spoof.jpg,0.001,0.0,1.0,1.0,1.0
./img_data/spoof/2429_477020_spoof.jpg,0.61,0.0,3.0,1.0,1.0
./img_data/spoof/4310_213634_spoof.jpg,0.004,0.0,5.0,1.0,1.0
./img_data/spoof/1296_413048_spoof.jpg,0.786,0.0,2.0,1.0,1.0
./img_data/live/9314_537614_live.jpg,1.0,1.0,0.0,0.0,0.0
./img_data/live/5007_416566_live.jpg,1.0,1.0,0.0,0.0,0.0
./img_data/spoof/8426_435568_spoof.jpg,0.0,0.0,9.0,1.0,1.0
./img_data/spoof/6399_524334_spoof.jpg,0.019,0.0,3.0,1.0,1.0
./img_data/spoof/5619_082733_spoof.jpg,0.0,0.0,6.0,2.0,1.0
./img_data/spoof/5039_211845_spoof.jpg,0.0,0.0,5.0,2.0,2.0
./img_data/live/7358_531139_live.jpg,1.0,1.0,0.0,0.0,0.0
./img_data/live/5426_542672_live.jpg,1.0,1.0,0.0,0.0,0.0
./img_data/spoof/5982_407664_spoof.jpg,0.0,0.0,6.0,1.0,2.0
./img_data/live/2014_334224_live.jpg,1.0,1.0,0.0,0.0,0.0
./img_data/spoof/8439_179438_spoof.jpg,0.025,0.0,9.0,1.0,1.0
./img_data/spoof/3572_102287_spoof.jpg,0.0,0.0,4.0,2.0,1.0
./img_data/live/6806_292396_live.jpg,1.0,1.0,0.0,0.0,0.0
./img_data/spoof/1458_471587_spoof.jpg,0.005,0.0,2.0,1.0,1.0
./img_data/live/397_150780_live.jpg,1.0,1.0,0.0,0.0,0.0
./img_data/spoof/9221_263057_spoof.jpg,0.0,0.0,10.0,1.0,1.0
./img_data/live/5390_440208_live.jpg,1.0,1.0,0.0,0.0,0.0
./img_data/live/3688_062765_live.jpg,0.988,1.0,0.0,0.0,0.0
./img_data/spoof/6774_485540_spoof.jpg,0.0,0.0,7.0,3.0,1.0
./img_data/spoof/9541_503425_spoof.jpg,0.0,0.0,9.0,1.0,2.0
./img_data/live/5966_540343_live.jpg,1.0,1.0,0.0,0.0,0.0
./img_data/spoof/5204_076569_spoof.jpg,0.792,0.0,6.0,1.0,1.0
./img_data/live/8307_497251_live.jpg,1.0,1.0,0.0,0.0,0.0
./img_data/spoof/9471_110796_spoof.jpg,0.256,0.0,10.0,1.0,1.0
./img_data/live/8483_179294_live.jpg,1.0,1.0,0.0,0.0,0.0
./img_data/spoof/2747_469984_spoof.jpg,0.15,0.0,3.0,3.0,1.0
./img_data/live/972_320499_live.jpg,1.0,1.0,0.0,0.0,0.0
./img_data/live/8529_231460_live.jpg,1.0,1.0,0.0,0.0,0.0
./img_data/spoof/9134_279545_spoof.jpg,0.001,0.0,9.0,3.0,2.0
./img_data/live/5039_016834_live.jpg,1.0,1.0,0.0,0.0,0.0
./img_data/spoof/4572_444961_spoof.jpg,0.0,0.0,5.0,2.0,1.0
./img_data/spoof/1567_178515_spoof.jpg,0.006,0.0,2.0,2.0,1.0
./img_data/spoof/288_335392_spoof.jpg,0.029,0.0,1.0,1.0,1.0
./img_data/live/3488_073994_live.jpg,1.0,1.0,0.0,0.0,0.0
./img_data/spoof/256_252012_spoof.jpg,0.005,0.0,1.0,1.0,1.0
./img_data/spoof/6791_122518_spoof.jpg,0.0,0.0,7.0,3.0,1.0
./img_data/spoof/4825_065922_spoof.jpg,0.001,0.0,5.0,4.0,1.0
./img_data/spoof/677_417431_spoof.jpg,0.0,0.0,1.0,4.0,1.0
./img_data/live/9461_262780_live.jpg,1.0,1.0,0.0,0.0,0.0
./img_data/spoof/5852_263966_spoof.jpg,0.0,0.0,6.0,4.0,1.0
./img_data/spoof/8991_183293_spoof.jpg,0.005,0.0,9.0,1.0,2.0
./img_data/spoof/7021_122794_spoof.jpg,0.0,0.0,7.0,1.0,2.0
./img_data/spoof/9921_456225_spoof.jpg,0.022,0.0,10.0,4.0,1.0
./img_data/live/1574_052024_live.jpg,0.086,1.0,0.0,0.0,0.0
./img_data/spoof/2553_235228_spoof.jpg,0.003,0.0,3.0,2.0,1.0
./img_data/spoof/5190_105770_spoof.jpg,0.0,0.0,6.0,1.0,1.0
./img_data/live/1945_210192_live.jpg,0.894,1.0,0.0,0.0,0.0
./img_data/spoof/4789_052541_spoof.jpg,0.0,0.0,5.0,3.0,1.0
./img_data/spoof/4571_280793_spoof.jpg,0.001,0.0,5.0,2.0,1.0
./img_data/live/9880_278189_live.jpg,0.999,1.0,0.0,0.0,0.0
./img_data/live/6797_322542_live.jpg,0.918,1.0,0.0,0.0,0.0
./img_data/spoof/4973_555919_spoof.jpg,0.023,0.0,5.0,1.0,1.0
./img_data/live/5090_221688_live.jpg,1.0,1.0,0.0,0.0,0.0
./img_data/spoof/9461_089098_spoof.jpg,0.0,0.0,10.0,1.0,1.0
./img_data/live/9360_099726_live.jpg,1.0,1.0,0.0,0.0,0.0
./img_data/spoof/9456_559254_spoof.jpg,0.0,0.0,9.0,4.0,1.0
./img_data/spoof/7636_003672_spoof.jpg,0.013,0.0,8.0,2.0,1.0
./img_data/spoof/2449_276640_spoof.jpg,0.0,0.0,3.0,1.0,1.0
./img_data/spoof/2014_028262_spoof.jpg,0.889,0.0,2.0,3.0,2.0
./img_data/live/7548_499218_live.jpg,0.976,1.0,0.0,0.0,0.0
./img_data/spoof/8742_145270_spoof.jpg,0.0,0.0,9.0,2.0,1.0
./img_data/live/7636_306429_live.jpg,0.994,1.0,0.0,0.0,0.0
./img_data/live/8830_456717_live.jpg,1.0,1.0,0.0,0.0,0.0
./img_data/live/1657_208753_live.jpg,1.0,1.0,0.0,0.0,0.0
./img_data/live/7981_327635_live.jpg,0.983,1.0,0.0,0.0,0.0
./img_data/live/5239_444524_live.jpg,0.998,1.0,0.0,0.0,0.0
./img_data/spoof/4571_021880_spoof.jpg,0.001,0.0,5.0,2.0,1.0
./img_data/live/188_380536_live.jpg,0.998,1.0,0.0,0.0,0.0
./img_data/live/1245_306733_live.jpg,1.0,1.0,0.0,0.0,0.0
./img_data/live/5726_097709_live.jpg,1.0,1.0,0.0,0.0,0.0
./img_data/live/3244_095814_live.jpg,1.0,1.0,0.0,0.0,0.0
./img_data/spoof/6298_277852_spoof.jpg,0.0,0.0,7.0,1.0,1.0
./img_data/spoof/7206_540278_spoof.jpg,0.654,0.0,7.0,1.0,1.0
./img_data/spoof/7548_537751_spoof.jpg,0.0,0.0,6.0,1.0,1.0
./img_data/live/8127_039446_live.jpg,0.993,1.0,0.0,0.0,0.0
./img_data/live/61_299602_live.jpg,1.0,1.0,0.0,0.0,0.0
./img_data/spoof/8409_405197_spoof.jpg,0.007,0.0,9.0,1.0,1.0
./img_data/live/9118_278492_live.jpg,1.0,1.0,0.0,0.0,0.0
./img_data/live/5939_205431_live.jpg,1.0,1.0,0.0,0.0,0.0
./img_data/live/3009_310315_live.jpg,1.0,1.0,0.0,0.0,0.0
./img_data/live/6726_551512_live.jpg,0.868,1.0,0.0,0.0,0.0
./img_data/live/374_222585_live.jpg,1.0,1.0,0.0,0.0,0.0
./img_data/live/5852_418076_live.jpg,1.0,1.0,0.0,0.0,0.0
./img_data/spoof/6230_536289_spoof.jpg,1.0,0.0,7.0,1.0,1.0
./img_data/spoof/1687_041038_spoof.jpg,0.002,0.0,2.0,3.0,1.0
./img_data/spoof/8072_473627_spoof.jpg,0.0,0.0,8.0,2.0,2.0
./img_data/live/6344_168788_live.jpg,1.0,1.0,0.0,0.0,0.0
./img_data/live/3488_309028_live.jpg,0.908,1.0,0.0,0.0,0.0
./img_data/spoof/6399_505891_spoof.jpg,0.735,0.0,3.0,1.0,1.0
./img_data/live/5780_358484_live.jpg,0.999,1.0,0.0,0.0,0.0
./img_data/spoof/5979_493431_spoof.jpg,0.002,0.0,6.0,1.0,2.0
./img_data/live/7339_222119_live.jpg,0.999,1.0,0.0,0.0,0.0
./img_data/live/7315_165107_live.jpg,1.0,1.0,0.0,0.0,0.0
./img_data/live/977_461702_live.jpg,1.0,1.0,0.0,0.0,0.0
./img_data/spoof/2691_211260_spoof.jpg,0.0,0.0,3.0,3.0,1.0
./img_data/live/7780_174186_live.jpg,0.778,1.0,0.0,0.0,0.0
./img_data/live/4842_101214_live.jpg,0.988,1.0,0.0,0.0,0.0
./img_data/spoof/3264_143528_spoof.jpg,0.259,0.0,4.0,1.0,1.0
./img_data/spoof/5897_121936_spoof.jpg,0.0,0.0,6.0,1.0,2.0
./img_data/spoof/7859_549243_spoof.jpg,0.0,0.0,6.0,3.0,1.0
./img_data/live/5897_246224_live.jpg,1.0,1.0,0.0,0.0,0.0
./img_data/live/9453_501569_live.jpg,1.0,1.0,0.0,0.0,0.0
./img_data/live/411_101138_live.jpg,1.0,1.0,0.0,0.0,0.0
./img_data/spoof/2747_010411_spoof.jpg,0.0,0.0,3.0,3.0,1.0
./img_data/live/6471_099680_live.jpg,1.0,1.0,0.0,0.0,0.0
./img_data/spoof/980_135387_spoof.jpg,0.003,0.0,1.0,4.0,2.0
./img_data/live/4298_328430_live.jpg,0.992,1.0,7.0,1.0,1.0
./img_data/spoof/1385_066172_spoof.jpg,0.0,0.0,2.0,1.0,1.0
./img_data/spoof/7704_428622_spoof.jpg,0.335,0.0,8.0,2.0,1.0
./img_data/spoof/9420_135358_spoof.jpg,0.0,0.0,10.0,1.0,1.0
./img_data/spoof/5801_333268_spoof.jpg,0.016,0.0,6.0,4.0,1.0
./img_data/spoof/1495_454773_spoof.jpg,0.0,0.0,2.0,2.0,1.0
./img_data/live/2991_043826_live.jpg,1.0,1.0,0.0,0.0,0.0
./img_data/live/6464_067567_live.jpg,1.0,1.0,0.0,0.0,0.0
./img_data/live/1896_198948_live.jpg,1.0,1.0,0.0,0.0,0.0
./img_data/live/10071_003586_live.jpg,0.442,1.0,0.0,0.0,0.0
./img_data/spoof/9090_420029_spoof.jpg,0.002,0.0,9.0,2.0,2.0
./img_data/spoof/1167_123882_spoof.jpg,0.0,0.0,2.0,1.0,1.0
./img_data/live/1221_421227_live.jpg,1.0,1.0,0.0,0.0,0.0
./img_data/live/6197_502312_live.jpg,1.0,1.0,0.0,0.0,0.0
./img_data/spoof/3488_084683_spoof.jpg,0.002,0.0,4.0,1.0,1.0
./img_data/spoof/6623_340509_spoof.jpg,0.003,0.0,7.0,2.0,1.0
./img_data/live/1780_325899_live.jpg,1.0,1.0,0.0,0.0,0.0
./img_data/live/7107_158524_live.jpg,1.0,1.0,0.0,0.0,0.0
./img_data/spoof/9170_501411_spoof.jpg,0.0,0.0,9.0,1.0,1.0
./img_data/spoof/1478_403770_spoof.jpg,0.0,0.0,2.0,1.0,1.0
./img_data/spoof/388_129769_spoof.jpg,0.0,0.0,1.0,1.0,1.0
./img_data/spoof/5204_048420_spoof.jpg,0.0,0.0,6.0,1.0,1.0
./img_data/spoof/7664_551126_spoof.jpg,0.0,0.0,6.0,1.0,1.0
./img_data/live/5599_428927_live.jpg,1.0,1.0,0.0,0.0,0.0
./img_data/spoof/731_411981_spoof.jpg,0.001,0.0,1.0,4.0,1.0
./img_data/live/9424_260660_live.jpg,1.0,1.0,0.0,0.0,0.0
./img_data/live/4875_472932_live.jpg,0.943,1.0,0.0,0.0,0.0
./img_data/spoof/6349_003772_spoof.jpg,0.0,0.0,7.0,1.0,1.0
./img_data/live/5485_104600_live.jpg,0.967,1.0,0.0,0.0,0.0
./img_data/live/5966_522250_live.jpg,0.991,1.0,0.0,0.0,0.0
./img_data/live/5619_381120_live.jpg,1.0,1.0,0.0,0.0,0.0
./img_data/spoof/5966_501685_spoof.jpg,0.132,0.0,7.0,1.0,1.0
./img_data/live/9918_327214_live.jpg,1.0,1.0,0.0,0.0,0.0
./img_data/spoof/322_302729_spoof.jpg,0.007,0.0,1.0,1.0,1.0
./img_data/live/9144_214085_live.jpg,1.0,1.0,0.0,0.0,0.0
./img_data/live/4414_126822_live.jpg,1.0,1.0,0.0,0.0,0.0
./img_data/spoof/1707_159352_spoof.jpg,0.07,0.0,2.0,3.0,1.0
./img_data/spoof/5149_105044_spoof.jpg,0.0,0.0,6.0,1.0,1.0
./img_data/spoof/1511_289297_spoof.jpg,0.001,0.0,2.0,2.0,1.0
./img_data/spoof/6581_167805_spoof.jpg,0.0,0.0,7.0,2.0,1.0
./img_data/spoof/1002_380343_spoof.jpg,0.022,0.0,1.0,4.0,2.0
./img_data/spoof/6185_544554_spoof.jpg,0.531,0.0,3.0,1.0,1.0
./img_data/spoof/7509_208067_spoof.jpg,0.0,0.0,8.0,1.0,1.0
./img_data/spoof/5565_357142_spoof.jpg,0.0,0.0,6.0,1.0,1.0
./img_data/spoof/2017_377359_spoof.jpg,0.0,0.0,2.0,4.0,2.0
./img_data/spoof/5601_013082_spoof.jpg,0.0,0.0,6.0,2.0,1.0
./img_data/live/9154_410434_live.jpg,0.005,1.0,0.0,0.0,0.0
./img_data/live/9170_545126_live.jpg,0.998,1.0,0.0,0.0,0.0
./img_data/live/5817_029542_live.jpg,0.999,1.0,0.0,0.0,0.0
./img_data/live/1380_112213_live.jpg,1.0,1.0,0.0,0.0,0.0
./img_data/live/927_375690_live.jpg,1.0,1.0,0.0,0.0,0.0
./img_data/live/5355_446557_live.jpg,1.0,1.0,0.0,0.0,0.0
./img_data/live/8445_543929_live.jpg,0.998,1.0,0.0,0.0,0.0
./img_data/live/6152_451644_live.jpg,0.998,1.0,0.0,0.0,0.0
./img_data/spoof/8117_507304_spoof.jpg,0.001,0.0,6.0,1.0,1.0
./img_data/live/2000_245312_live.jpg,0.975,1.0,0.0,0.0,0.0
./img_data/spoof/7402_127468_spoof.jpg,0.0,0.0,8.0,1.0,1.0
./img_data/live/4551_041711_live.jpg,0.052,1.0,0.0,0.0,0.0
./img_data/spoof/7159_267663_spoof.jpg,0.001,0.0,8.0,1.0,1.0
./img_data/spoof/10093_009839_spoof.jpg,0.0,0.0,10.0,2.0,2.0
./img_data/live/1289_362219_live.jpg,0.999,1.0,0.0,0.0,0.0
./img_data/live/9754_207190_live.jpg,1.0,1.0,0.0,0.0,0.0
./img_data/live/9557_093197_live.jpg,0.998,1.0,0.0,0.0,0.0
./img_data/spoof/8462_162201_spoof.jpg,0.001,0.0,9.0,1.0,1.0
./img_data/live/1458_460678_live.jpg,1.0,1.0,0.0,0.0,0.0
./img_data/spoof/10107_119879_spoof.jpg,0.002,0.0,10.0,2.0,2.0
./img_data/spoof/831_437450_spoof.jpg,0.0,0.0,1.0,1.0,2.0
./img_data/spoof/7404_228601_spoof.jpg,0.046,0.0,8.0,1.0,1.0
./img_data/live/9118_046703_live.jpg,1.0,1.0,0.0,0.0,0.0
./img_data/live/1780_437049_live.jpg,1.0,1.0,0.0,0.0,0.0
./img_data/live/5190_439978_live.jpg,1.0,1.0,0.0,0.0,0.0
./img_data/live/2473_016126_live.jpg,1.0,1.0,0.0,0.0,0.0
./img_data/live/3264_194591_live.jpg,1.0,1.0,0.0,0.0,0.0
./img_data/spoof/9629_116741_spoof.jpg,0.954,0.0,10.0,2.0,1.0
./img_data/live/6233_223262_live.jpg,0.998,1.0,0.0,0.0,0.0
./img_data/live/3717_001125_live.jpg,0.973,1.0,0.0,0.0,0.0
./img_data/live/8462_471421_live.jpg,1.0,1.0,0.0,0.0,0.0
./img_data/live/9682_147972_live.jpg,0.998,1.0,0.0,0.0,0.0
./img_data/live/4744_058339_live.jpg,1.0,1.0,0.0,0.0,0.0
./img_data/live/6313_497338_live.jpg,1.0,1.0,0.0,0.0,0.0
./img_data/live/6691_203786_live.jpg,0.88,1.0,0.0,0.0,0.0
./img_data/spoof/6806_404377_spoof.jpg,0.001,0.0,7.0,3.0,1.0
./img_data/live/1808_008263_live.jpg,0.809,1.0,0.0,0.0,0.0
./img_data/spoof/8974_438521_spoof.jpg,0.052,0.0,9.0,1.0,2.0
./img_data/spoof/5046_399482_spoof.jpg,0.0,0.0,5.0,2.0,2.0
./img_data/live/6935_164730_live.jpg,1.0,1.0,0.0,0.0,0.0
./img_data/spoof/1200_444070_spoof.jpg,0.001,0.0,2.0,1.0,1.0
./img_data/spoof/6890_057002_spoof.jpg,0.0,0.0,7.0,4.0,1.0
./img_data/live/8088_214072_live.jpg,1.0,1.0,0.0,0.0,0.0
./img_data/spoof/4588_093552_spoof.jpg,0.0,0.0,5.0,2.0,1.0
./img_data/live/3628_127387_live.jpg,1.0,1.0,0.0,0.0,0.0
./img_data/spoof/5579_153284_spoof.jpg,0.0,0.0,6.0,2.0,1.0
./img_data/spoof/7992_204832_spoof.jpg,0.0,0.0,8.0,1.0,2.0
./img_data/live/2871_341912_live.jpg,1.0,1.0,0.0,0.0,0.0
./img_data/spoof/8483_485918_spoof.jpg,0.027,0.0,9.0,1.0,1.0
./img_data/spoof/7237_415627_spoof.jpg,0.002,0.0,8.0,1.0,1.0
./img_data/spoof/5093_294451_spoof.jpg,0.009,0.0,5.0,4.0,2.0
./img_data/spoof/856_406409_spoof.jpg,0.001,0.0,1.0,1.0,2.0
./img_data/spoof/6399_505627_spoof.jpg,0.017,0.0,3.0,1.0,1.0
./img_data/spoof/1181_291150_spoof.jpg,0.0,0.0,2.0,1.0,1.0
./img_data/live/9961_459198_live.jpg,0.996,1.0,0.0,0.0,0.0
./img_data/spoof/8363_140169_spoof.jpg,0.0,0.0,9.0,1.0,1.0
./img_data/live/7143_432956_live.jpg,1.0,1.0,0.0,0.0,0.0
./img_data/spoof/10161_045790_spoof.jpg,0.0,0.0,10.0,4.0,2.0
./img_data/live/5149_162271_live.jpg,0.612,1.0,0.0,0.0,0.0
./img_data/spoof/1688_182114_spoof.jpg,0.0,0.0,2.0,3.0,1.0
./img_data/spoof/5851_428539_spoof.jpg,0.0,0.0,6.0,4.0,1.0
./img_data/spoof/4963_098141_spoof.jpg,0.0,0.0,5.0,1.0,2.0
./img_data/live/8873_542550_live.jpg,1.0,1.0,0.0,0.0,0.0
./img_data/spoof/7706_546207_spoof.jpg,0.0,0.0,6.0,1.0,1.0
./img_data/spoof/7283_344244_spoof.jpg,0.002,0.0,8.0,1.0,1.0
./img_data/live/3995_481768_live.jpg,0.833,1.0,0.0,0.0,0.0
./img_data/spoof/9029_137278_spoof.jpg,0.0,0.0,9.0,1.0,2.0
./img_data/live/4825_066516_live.jpg,1.0,1.0,0.0,0.0,0.0
./img_data/live/6968_204561_live.jpg,0.984,1.0,0.0,0.0,0.0
./img_data/spoof/2354_292591_spoof.jpg,0.001,0.0,3.0,1.0,1.0
./img_data/live/3888_004174_live.jpg,1.0,1.0,0.0,0.0,0.0
./img_data/live/2179_249865_live.jpg,0.996,1.0,0.0,0.0,0.0
./img_data/spoof/9892_344758_spoof.jpg,0.078,0.0,10.0,4.0,1.0
./img_data/spoof/6402_331363_spoof.jpg,0.002,0.0,7.0,1.0,1.0
./img_data/live/4430_425038_live.jpg,1.0,1.0,0.0,0.0,0.0
./img_data/spoof/4856_396640_spoof.jpg,0.0,0.0,5.0,4.0,1.0
./img_data/spoof/9360_090680_spoof.jpg,0.0,0.0,10.0,1.0,1.0
./img_data/spoof/6547_131478_spoof.jpg,0.0,0.0,7.0,1.0,1.0
./img_data/live/7423_351567_live.jpg,1.0,1.0,0.0,0.0,0.0
./img_data/spoof/7630_076217_spoof.jpg,0.841,0.0,8.0,2.0,1.0
./img_data/spoof/3078_401936_spoof.jpg,0.001,0.0,3.0,4.0,2.0
./img_data/spoof/6686_318456_spoof.jpg,0.0,0.0,7.0,2.0,1.0
./img_data/live/8910_250317_live.jpg,1.0,1.0,0.0,0.0,0.0
./img_data/live/3758_287984_live.jpg,1.0,1.0,0.0,0.0,0.0
./img_data/live/8925_138790_live.jpg,0.999,1.0,0.0,0.0,0.0
./img_data/live/5046_300457_live.jpg,0.995,1.0,0.0,0.0,0.0
./img_data/spoof/4456_027209_spoof.jpg,0.0,0.0,5.0,1.0,1.0
./img_data/live/7790_031407_live.jpg,1.0,1.0,0.0,0.0,0.0
./img_data/spoof/3264_459646_spoof.jpg,0.0,0.0,4.0,1.0,1.0
./img_data/live/4960_362232_live.jpg,1.0,1.0,0.0,0.0,0.0
./img_data/spoof/693_380055_spoof.jpg,0.0,0.0,1.0,4.0,1.0
./img_data/live/6730_404399_live.jpg,0.999,1.0,0.0,0.0,0.0
./img_data/live/5396_449242_live.jpg,0.999,1.0,0.0,0.0,0.0
./img_data/live/1232_067677_live.jpg,1.0,1.0,0.0,0.0,0.0
./img_data/live/4973_500837_live.jpg,1.0,1.0,0.0,0.0,0.0
./img_data/live/1650_453919_live.jpg,0.997,1.0,0.0,0.0,0.0
./img_data/live/5979_392532_live.jpg,0.77,1.0,0.0,0.0,0.0
./img_data/spoof/7261_416945_spoof.jpg,0.0,0.0,8.0,1.0,1.0
./img_data/live/7621_252211_live.jpg,1.0,1.0,0.0,0.0,0.0
./img_data/live/7391_056271_live.jpg,1.0,1.0,0.0,0.0,0.0
./img_data/live/3020_458311_live.jpg,0.992,1.0,0.0,0.0,0.0
./img_data/spoof/9846_269210_spoof.jpg,0.0,0.0,10.0,3.0,1.0
./img_data/live/9746_534635_live.jpg,1.0,1.0,0.0,0.0,0.0
./img_data/spoof/1156_238467_spoof.jpg,0.0,0.0,2.0,1.0,1.0
./img_data/spoof/3806_476787_spoof.jpg,0.093,0.0,4.0,4.0,1.0
./img_data/live/2871_253886_live.jpg,1.0,1.0,0.0,0.0,0.0
./img_data/spoof/622_455514_spoof.jpg,0.197,0.0,1.0,3.0,1.0
./img_data/live/4751_345086_live.jpg,0.993,1.0,0.0,0.0,0.0
./img_data/spoof/3961_126232_spoof.jpg,0.001,0.0,4.0,1.0,2.0
./img_data/spoof/2578_181377_spoof.jpg,0.0,0.0,3.0,2.0,1.0
./img_data/live/9353_174518_live.jpg,0.998,1.0,0.0,0.0,0.0
./img_data/live/8158_348595_live.jpg,1.0,1.0,0.0,0.0,0.0
./img_data/live/5458_505319_live.jpg,0.983,1.0,0.0,0.0,0.0
./img_data/live/9988_503282_live.jpg,1.0,1.0,0.0,0.0,0.0
./img_data/spoof/6637_214088_spoof.jpg,0.0,0.0,7.0,2.0,1.0
./img_data/live/8646_024626_live.jpg,0.532,1.0,0.0,0.0,0.0
./img_data/spoof/4476_041039_spoof.jpg,0.0,0.0,5.0,1.0,1.0
./img_data/spoof/10167_300507_spoof.jpg,0.0,0.0,10.0,4.0,2.0
./img_data/spoof/1773_099361_spoof.jpg,0.006,0.0,2.0,4.0,1.0
./img_data/live/4501_102633_live.jpg,1.0,1.0,0.0,0.0,0.0
./img_data/spoof/3024_214178_spoof.jpg,0.0,0.0,3.0,2.0,2.0
./img_data/live/1575_387248_live.jpg,1.0,1.0,0.0,0.0,0.0
./img_data/spoof/5903_028466_spoof.jpg,0.133,0.0,6.0,1.0,2.0
./img_data/spoof/1002_130323_spoof.jpg,0.136,0.0,1.0,4.0,2.0
./img_data/spoof/9144_450751_spoof.jpg,0.0,0.0,9.0,4.0,2.0
./img_data/spoof/5712_467883_spoof.jpg,0.029,0.0,6.0,2.0,1.0
./img_data/spoof/3961_445867_spoof.jpg,0.0,0.0,4.0,1.0,2.0
./img_data/live/4146_430765_live.jpg,1.0,1.0,0.0,0.0,0.0
./img_data/spoof/1896_232798_spoof.jpg,0.0,0.0,2.0,1.0,2.0
./img_data/spoof/3651_134882_spoof.jpg,0.003,0.0,4.0,2.0,1.0
./img_data/live/4216_439637_live.jpg,0.017,1.0,0.0,0.0,0.0
./img_data/live/8106_100823_live.jpg,0.992,1.0,0.0,0.0,0.0
./img_data/live/2965_022563_live.jpg,1.0,1.0,0.0,0.0,0.0
./img_data/spoof/4963_027779_spoof.jpg,0.0,0.0,5.0,1.0,2.0
./img_data/live/7766_394163_live.jpg,1.0,1.0,0.0,0.0,0.0
./img_data/live/4298_300103_live.jpg,1.0,1.0,0.0,0.0,0.0
./img_data/live/7358_512516_live.jpg,1.0,1.0,0.0,0.0,0.0
./img_data/live/2527_486390_live.jpg,1.0,1.0,0.0,0.0,0.0
./img_data/spoof/7154_325529_spoof.jpg,0.058,0.0,8.0,1.0,1.0
./img_data/live/6987_345895_live.jpg,1.0,1.0,0.0,0.0,0.0
./img_data/spoof/1454_118245_spoof.jpg,0.0,0.0,2.0,1.0,1.0
./img_data/live/5365_003755_live.jpg,1.0,1.0,0.0,0.0,0.0
./img_data/live/1219_158668_live.jpg,0.877,1.0,0.0,0.0,0.0
./img_data/spoof/3688_152980_spoof.jpg,0.079,0.0,4.0,2.0,1.0
./img_data/live/2917_044886_live.jpg,1.0,1.0,0.0,0.0,0.0
./img_data/spoof/3212_097822_spoof.jpg,0.001,0.0,4.0,1.0,1.0
./img_data/live/5777_104691_live.jpg,1.0,1.0,0.0,0.0,0.0
./img_data/spoof/5753_193965_spoof.jpg,0.0,0.0,6.0,3.0,1.0
./img_data/spoof/2409_237762_spoof.jpg,0.0,0.0,3.0,1.0,1.0
./img_data/spoof/5239_242715_spoof.jpg,0.0,0.0,6.0,1.0,1.0
./img_data/spoof/4551_198041_spoof.jpg,0.0,0.0,5.0,1.0,1.0
./img_data/spoof/7780_036565_spoof.jpg,0.0,0.0,8.0,3.0,1.0
./img_data/spoof/9746_515917_spoof.jpg,0.0,0.0,10.0,1.0,1.0
./img_data/spoof/1650_048200_spoof.jpg,0.0,0.0,2.0,3.0,1.0
./img_data/spoof/418_423297_spoof.jpg,0.0,0.0,1.0,1.0,1.0
./img_data/spoof/6381_152483_spoof.jpg,0.0,0.0,7.0,1.0,1.0
./img_data/live/5579_398197_live.jpg,0.959,1.0,0.0,0.0,0.0
./img_data/spoof/5485_403994_spoof.jpg,0.019,0.0,6.0,1.0,1.0
./img_data/live/5046_352465_live.jpg,0.998,1.0,0.0,0.0,0.0
./img_data/spoof/7085_226192_spoof.jpg,0.0,0.0,7.0,2.0,2.0
./img_data/live/6410_265602_live.jpg,0.997,1.0,0.0,0.0,0.0
./img_data/live/8241_550395_live.jpg,0.999,1.0,0.0,0.0,0.0
./img_data/spoof/5851_105029_spoof.jpg,0.0,0.0,6.0,4.0,1.0
./img_data/spoof/2454_416954_spoof.jpg,0.0,0.0,3.0,1.0,1.0
./img_data/spoof/8198_408983_spoof.jpg,0.022,0.0,9.0,2.0,1.0
./img_data/live/5787_304571_live.jpg,1.0,1.0,0.0,0.0,0.0
./img_data/spoof/8106_482965_spoof.jpg,0.01,0.0,8.0,3.0,2.0
./img_data/spoof/3948_200612_spoof.jpg,0.001,0.0,4.0,1.0,2.0
./img_data/spoof/2473_430422_spoof.jpg,0.0,0.0,3.0,1.0,1.0
./img_data/spoof/9206_210329_spoof.jpg,0.0,0.0,10.0,1.0,1.0
./img_data/spoof/1380_020739_spoof.jpg,0.0,0.0,2.0,1.0,1.0
./img_data/live/4856_121859_live.jpg,1.0,1.0,0.0,0.0,0.0
./img_data/live/7392_147711_live.jpg,1.0,1.0,0.0,0.0,0.0
./img_data/spoof/8724_076401_spoof.jpg,0.014,0.0,9.0,2.0,1.0
./img_data/spoof/6152_238382_spoof.jpg,0.001,0.0,7.0,1.0,1.0
./img_data/spoof/7766_208638_spoof.jpg,0.002,0.0,8.0,3.0,1.0
./img_data/spoof/5039_052429_spoof.jpg,0.0,0.0,5.0,2.0,2.0
./img_data/live/10029_137070_live.jpg,0.142,1.0,0.0,0.0,0.0
./img_data/live/6623_001678_live.jpg,0.996,1.0,0.0,0.0,0.0
./img_data/live/1629_268037_live.jpg,1.0,1.0,0.0,0.0,0.0
./img_data/spoof/9920_003415_spoof.jpg,0.02,0.0,10.0,4.0,1.0
./img_data/spoof/559_024874_spoof.jpg,0.002,0.0,1.0,2.0,1.0
./img_data/live/295_283947_live.jpg,0.842,1.0,0.0,0.0,0.0
./img_data/spoof/5917_118983_spoof.jpg,0.0,0.0,6.0,1.0,2.0
./img_data/live/5039_217398_live.jpg,0.545,1.0,0.0,0.0,0.0
./img_data/spoof/681_474678_spoof.jpg,0.002,0.0,1.0,4.0,1.0
./img_data/live/7797_343084_live.jpg,0.413,1.0,0.0,0.0,0.0
./img_data/live/6426_362269_live.jpg,1.0,1.0,0.0,0.0,0.0
./img_data/live/166_065022_live.jpg,0.996,1.0,0.0,0.0,0.0
./img_data/spoof/6691_131820_spoof.jpg,0.0,0.0,7.0,2.0,1.0
./img_data/live/831_445777_live.jpg,1.0,1.0,0.0,0.0,0.0
./img_data/live/5601_421673_live.jpg,1.0,1.0,0.0,0.0,0.0
./img_data/live/2386_416377_live.jpg,1.0,1.0,0.0,0.0,0.0
./img_data/live/8363_160922_live.jpg,1.0,1.0,0.0,0.0,0.0
./img_data/live/8372_343655_live.jpg,1.0,1.0,0.0,0.0,0.0
./img_data/spoof/9791_105824_spoof.jpg,0.0,0.0,10.0,3.0,1.0
./img_data/live/6734_545939_live.jpg,1.0,1.0,0.0,0.0,0.0
./img_data/spoof/1780_167006_spoof.jpg,0.009,0.0,2.0,4.0,1.0
./img_data/spoof/10094_411568_spoof.jpg,0.0,0.0,10.0,2.0,2.0
./img_data/live/1335_423063_live.jpg,1.0,1.0,0.0,0.0,0.0
./img_data/live/1974_363949_live.jpg,1.0,1.0,0.0,0.0,0.0
./img_data/spoof/3608_099752_spoof.jpg,0.004,0.0,4.0,2.0,1.0
./img_data/live/1093_313695_live.jpg,0.166,1.0,0.0,0.0,0.0
./img_data/live/6686_161647_live.jpg,1.0,1.0,0.0,0.0,0.0
./img_data/spoof/8933_452621_spoof.jpg,0.141,0.0,9.0,1.0,2.0
./img_data/spoof/1649_172650_spoof.jpg,0.0,0.0,2.0,3.0,1.0
./img_data/spoof/4856_491370_spoof.jpg,0.003,0.0,5.0,4.0,1.0
./img_data/live/7012_519106_live.jpg,1.0,1.0,0.0,0.0,0.0
./img_data/live/6243_376495_live.jpg,1.0,1.0,0.0,0.0,0.0
./img_data/live/1452_351994_live.jpg,1.0,1.0,0.0,0.0,0.0
./img_data/spoof/7931_204895_spoof.jpg,0.024,0.0,8.0,1.0,2.0
./img_data/spoof/7962_021044_spoof.jpg,0.0,0.0,8.0,1.0,2.0
./img_data/live/4825_274606_live.jpg,0.993,1.0,0.0,0.0,0.0
./img_data/spoof/6874_189312_spoof.jpg,0.003,0.0,7.0,4.0,1.0
./img_data/spoof/5996_014322_spoof.jpg,0.0,0.0,6.0,1.0,2.0
./img_data/live/6824_540717_live.jpg,0.999,1.0,0.0,0.0,0.0
./img_data/live/5619_004885_live.jpg,1.0,1.0,0.0,0.0,0.0
./img_data/live/5895_325089_live.jpg,1.0,1.0,0.0,0.0,0.0
./img_data/spoof/6313_521264_spoof.jpg,0.011,0.0,3.0,1.0,1.0
./img_data/spoof/5295_447367_spoof.jpg,0.0,0.0,6.0,1.0,1.0
./img_data/spoof/9154_165137_spoof.jpg,0.004,0.0,9.0,4.0,2.0
./img_data/live/7636_312177_live.jpg,0.999,1.0,0.0,0.0,0.0
./img_data/live/1335_187152_live.jpg,1.0,1.0,0.0,0.0,0.0
./img_data/live/3174_223550_live.jpg,0.993,1.0,0.0,0.0,0.0
./img_data/live/7261_086411_live.jpg,1.0,1.0,0.0,0.0,0.0
./img_data/spoof/10016_366964_spoof.jpg,0.0,0.0,10.0,1.0,2.0
./img_data/live/7387_068052_live.jpg,1.0,1.0,0.0,0.0,0.0
./img_data/live/9486_369608_live.jpg,0.923,1.0,0.0,0.0,0.0
./img_data/live/3020_112742_live.jpg,0.999,1.0,0.0,0.0,0.0
./img_data/spoof/4833_016553_spoof.jpg,0.003,0.0,5.0,4.0,1.0
./img_data/live/9420_280642_live.jpg,0.673,1.0,0.0,0.0,0.0
./img_data/live/5601_488624_live.jpg,1.0,1.0,0.0,0.0,0.0
./img_data/live/3688_489610_live.jpg,0.995,1.0,0.0,0.0,0.0
./img_data/spoof/4495_258085_spoof.jpg,0.0,0.0,5.0,1.0,1.0
./img_data/spoof/9155_141297_spoof.jpg,0.0,0.0,9.0,4.0,2.0
./img_data/live/7877_278480_live.jpg,0.988,1.0,0.0,0.0,0.0
./img_data/spoof/5939_000030_spoof.jpg,0.0,0.0,6.0,1.0,2.0
./img_data/spoof/8240_067022_spoof.jpg,0.005,0.0,9.0,1.0,1.0
./img_data/live/5154_325386_live.jpg,0.98,1.0,0.0,0.0,0.0
./img_data/live/388_482226_live.jpg,0.804,1.0,0.0,0.0,0.0
./img_data/live/4949_150063_live.jpg,1.0,1.0,0.0,0.0,0.0
./img_data/live/3948_313281_live.jpg,1.0,1.0,0.0,0.0,0.0
./img_data/spoof/9591_289984_spoof.jpg,0.0,0.0,10.0,1.0,1.0
./img_data/live/6230_518443_live.jpg,1.0,1.0,0.0,0.0,0.0
./img_data/live/10143_465376_live.jpg,0.448,1.0,0.0,0.0,0.0
./img_data/live/2030_285495_live.jpg,1.0,1.0,0.0,0.0,0.0
./img_data/live/3367_438482_live.jpg,1.0,1.0,0.0,0.0,0.0
./img_data/spoof/1219_325771_spoof.jpg,0.0,0.0,2.0,1.0,1.0
./img_data/spoof/4973_559734_spoof.jpg,0.002,0.0,1.0,1.0,1.0
./img_data/spoof/10010_255714_spoof.jpg,0.0,0.0,10.0,1.0,2.0
./img_data/live/1649_186542_live.jpg,1.0,1.0,0.0,0.0,0.0
./img_data/live/2068_350506_live.jpg,0.998,1.0,0.0,0.0,0.0
./img_data/spoof/2539_317582_spoof.jpg,0.001,0.0,3.0,2.0,1.0
./img_data/spoof/5436_106592_spoof.jpg,0.0,0.0,6.0,1.0,1.0
./img_data/spoof/821_372065_spoof.jpg,0.283,0.0,1.0,1.0,2.0
./img_data/spoof/5081_345053_spoof.jpg,0.001,0.0,5.0,4.0,2.0
./img_data/live/3638_229984_live.jpg,1.0,1.0,0.0,0.0,0.0
./img_data/live/1200_091835_live.jpg,1.0,1.0,0.0,0.0,0.0
./img_data/spoof/5599_006640_spoof.jpg,0.0,0.0,6.0,2.0,1.0
./img_data/live/2209_103504_live.jpg,0.995,1.0,0.0,0.0,0.0
./img_data/live/3005_491321_live.jpg,0.924,1.0,0.0,0.0,0.0
./img_data/spoof/8810_334928_spoof.jpg,0.0,0.0,9.0,3.0,1.0
./img_data/spoof/2541_257494_spoof.jpg,0.0,0.0,3.0,2.0,1.0
./img_data/spoof/2135_252875_spoof.jpg,0.0,0.0,3.0,1.0,1.0
./img_data/live/9788_429623_live.jpg,0.965,1.0,0.0,0.0,0.0
./img_data/spoof/2019_189864_spoof.jpg,0.0,0.0,2.0,4.0,2.0
./img_data/spoof/4551_145215_spoof.jpg,0.004,0.0,5.0,1.0,1.0
./img_data/spoof/8116_137605_spoof.jpg,0.0,0.0,8.0,3.0,2.0
./img_data/spoof/9746_551509_spoof.jpg,0.0,0.0,7.0,1.0,1.0
./img_data/spoof/2354_207440_spoof.jpg,0.0,0.0,3.0,1.0,1.0
./img_data/live/9029_140234_live.jpg,1.0,1.0,0.0,0.0,0.0
./img_data/spoof/5329_092993_spoof.jpg,0.001,0.0,6.0,1.0,1.0
./img_data/live/5204_101488_live.jpg,1.0,1.0,0.0,0.0,0.0
./img_data/live/8342_472970_live.jpg,1.0,1.0,0.0,0.0,0.0
./img_data/live/6381_342544_live.jpg,1.0,1.0,0.0,0.0,0.0
./img_data/spoof/3020_255198_spoof.jpg,0.001,0.0,3.0,2.0,2.0
./img_data/live/2426_457755_live.jpg,0.003,1.0,0.0,0.0,0.0
./img_data/live/559_166958_live.jpg,1.0,1.0,0.0,0.0,0.0
./img_data/live/9471_030159_live.jpg,1.0,1.0,0.0,0.0,0.0
./img_data/spoof/5365_184604_spoof.jpg,0.0,0.0,6.0,1.0,1.0
./img_data/spoof/9990_002510_spoof.jpg,0.001,0.0,10.0,1.0,2.0
./img_data/spoof/1775_478729_spoof.jpg,0.001,0.0,7.0,1.0,1.0
./img_data/live/7777_080237_live.jpg,1.0,1.0,0.0,0.0,0.0
./img_data/live/2454_092190_live.jpg,1.0,1.0,0.0,0.0,0.0
./img_data/spoof/4825_221573_spoof.jpg,0.384,0.0,5.0,4.0,1.0
./img_data/spoof/5966_516082_spoof.jpg,0.001,0.0,7.0,1.0,1.0
./img_data/spoof/8127_124011_spoof.jpg,0.0,0.0,8.0,4.0,2.0
./img_data/live/5039_315632_live.jpg,1.0,1.0,0.0,0.0,0.0
./img_data/spoof/5069_281659_spoof.jpg,0.001,0.0,5.0,3.0,2.0
./img_data/live/8529_023661_live.jpg,1.0,1.0,0.0,0.0,0.0
./img_data/live/10167_376227_live.jpg,0.998,1.0,0.0,0.0,0.0
./img_data/live/7336_395853_live.jpg,0.501,1.0,0.0,0.0,0.0
./img_data/live/8558_186775_live.jpg,1.0,1.0,0.0,0.0,0.0
./img_data/spoof/1260_420828_spoof.jpg,0.0,0.0,2.0,1.0,1.0
./img_data/spoof/5390_385173_spoof.jpg,0.0,0.0,6.0,1.0,1.0
./img_data/live/3985_248267_live.jpg,1.0,1.0,0.0,0.0,0.0
./img_data/live/693_423017_live.jpg,1.0,1.0,0.0,0.0,0.0
./img_data/live/6859_409970_live.jpg,1.0,1.0,0.0,0.0,0.0
./img_data/spoof/6829_087169_spoof.jpg,0.006,0.0,7.0,4.0,1.0
./img_data/live/2691_271662_live.jpg,1.0,1.0,0.0,0.0,0.0
./img_data/spoof/2426_276126_spoof.jpg,0.196,0.0,3.0,1.0,1.0
./img_data/live/53_041941_live.jpg,0.998,1.0,0.0,0.0,0.0
./img_data/spoof/9121_506430_spoof.jpg,0.0,0.0,8.0,4.0,2.0
./img_data/live/5851_390949_live.jpg,1.0,1.0,0.0,0.0,0.0
./img_data/live/3468_250477_live.jpg,1.0,1.0,0.0,0.0,0.0
./img_data/live/6933_521920_live.jpg,1.0,1.0,0.0,0.0,0.0
./img_data/spoof/8340_299368_spoof.jpg,0.001,0.0,9.0,1.0,1.0
./img_data/spoof/972_019723_spoof.jpg,0.004,0.0,1.0,3.0,2.0
./img_data/live/6826_211839_live.jpg,0.999,1.0,0.0,0.0,0.0
./img_data/spoof/3020_332311_spoof.jpg,0.0,0.0,3.0,2.0,2.0
./img_data/live/6987_452140_live.jpg,1.0,1.0,0.0,0.0,0.0
./img_data/live/2255_076045_live.jpg,1.0,1.0,0.0,0.0,0.0
./img_data/live/5787_091771_live.jpg,1.0,1.0,0.0,0.0,0.0
./img_data/spoof/2977_396979_spoof.jpg,0.0,0.0,3.0,1.0,2.0
./img_data/spoof/5439_374842_spoof.jpg,0.0,0.0,6.0,1.0,1.0
./img_data/live/9791_317246_live.jpg,1.0,1.0,0.0,0.0,0.0
./img_data/spoof/8721_157820_spoof.jpg,0.003,0.0,9.0,2.0,1.0
./img_data/live/4328_488130_live.jpg,1.0,1.0,0.0,0.0,0.0
./img_data/live/740_139001_live.jpg,1.0,1.0,0.0,0.0,0.0
./img_data/live/9134_251553_live.jpg,0.049,1.0,0.0,0.0,0.0
./img_data/spoof/2921_492563_spoof.jpg,0.0,0.0,3.0,1.0,2.0
./img_data/spoof/3985_033410_spoof.jpg,0.0,0.0,4.0,1.0,2.0
./img_data/spoof/4990_487076_spoof.jpg,0.185,0.0,5.0,1.0,2.0
./img_data/live/896_033243_live.jpg,0.999,1.0,0.0,0.0,0.0
./img_data/live/1200_280444_live.jpg,1.0,1.0,0.0,0.0,0.0
./img_data/spoof/7548_513209_spoof.jpg,0.0,0.0,6.0,1.0,1.0
./img_data/live/4973_499786_live.jpg,1.0,1.0,0.0,0.0,0.0
./img_data/spoof/9918_012503_spoof.jpg,0.01,0.0,10.0,4.0,1.0
./img_data/live/5805_313655_live.jpg,1.0,1.0,0.0,0.0,0.0
./img_data/spoof/2255_068666_spoof.jpg,0.0,0.0,3.0,1.0,1.0
./img_data/spoof/4996_521389_spoof.jpg,0.002,0.0,5.0,1.0,1.0
./img_data/spoof/1889_085520_spoof.jpg,0.0,0.0,2.0,1.0,2.0
./img_data/live/5753_248880_live.jpg,1.0,1.0,0.0,0.0,0.0
./img_data/live/5329_299117_live.jpg,0.148,1.0,0.0,0.0,0.0
./img_data/spoof/2218_155417_spoof.jpg,0.002,0.0,3.0,1.0,1.0
./img_data/live/5393_275974_live.jpg,1.0,1.0,0.0,0.0,0.0
./img_data/live/4278_481193_live.jpg,1.0,1.0,0.0,0.0,0.0
./img_data/live/7068_374344_live.jpg,1.0,1.0,0.0,0.0,0.0
./img_data/spoof/5023_511919_spoof.jpg,0.0,0.0,1.0,1.0,1.0
./img_data/spoof/7316_348365_spoof.jpg,0.0,0.0,8.0,1.0,1.0
./img_data/spoof/9769_556576_spoof.jpg,0.998,0.0,7.0,1.0,1.0
./img_data/live/4673_490141_live.jpg,1.0,1.0,0.0,0.0,0.0
./img_data/live/4401_256943_live.jpg,1.0,1.0,0.0,0.0,0.0
./img_data/live/7706_521973_live.jpg,1.0,1.0,0.0,0.0,0.0
./img_data/live/3068_151843_live.jpg,1.0,1.0,0.0,0.0,0.0
./img_data/live/1801_444702_live.jpg,1.0,1.0,0.0,0.0,0.0
./img_data/live/9350_389819_live.jpg,1.0,1.0,0.0,0.0,0.0
./img_data/live/1093_166369_live.jpg,0.996,1.0,0.0,0.0,0.0
./img_data/live/5237_534267_live.jpg,1.0,1.0,0.0,0.0,0.0
./img_data/spoof/374_470142_spoof.jpg,0.001,0.0,1.0,1.0,1.0
./img_data/live/7931_330059_live.jpg,1.0,1.0,0.0,0.0,0.0
./img_data/live/2747_322427_live.jpg,1.0,1.0,0.0,0.0,0.0
./img_data/spoof/1475_453911_spoof.jpg,0.0,0.0,2.0,1.0,1.0
./img_data/live/8072_171919_live.jpg,1.0,1.0,0.0,0.0,0.0
./img_data/live/7206_549975_live.jpg,0.613,1.0,0.0,0.0,0.0
./img_data/spoof/5001_138412_spoof.jpg,0.002,0.0,5.0,1.0,2.0
./img_data/spoof/5961_448301_spoof.jpg,0.003,0.0,6.0,1.0,2.0
./img_data/spoof/7750_321289_spoof.jpg,0.0,0.0,8.0,3.0,1.0
./img_data/spoof/7012_528104_spoof.jpg,0.004,0.0,4.0,1.0,1.0
./img_data/spoof/5190_007599_spoof.jpg,0.001,0.0,6.0,1.0,1.0
./img_data/spoof/10167_237261_spoof.jpg,0.0,0.0,10.0,4.0,2.0
./img_data/live/5138_066581_live.jpg,1.0,1.0,0.0,0.0,0.0
./img_data/live/5730_271656_live.jpg,1.0,1.0,0.0,0.0,0.0
./img_data/spoof/7344_405447_spoof.jpg,0.081,0.0,8.0,1.0,1.0
./img_data/live/6606_435514_live.jpg,1.0,1.0,0.0,0.0,0.0
./img_data/live/3534_218530_live.jpg,0.539,1.0,0.0,0.0,0.0
./img_data/spoof/6824_528049_spoof.jpg,0.004,0.0,7.0,1.0,1.0
./img_data/live/3436_318993_live.jpg,0.273,1.0,0.0,0.0,0.0
./img_data/live/4356_443436_live.jpg,1.0,1.0,0.0,0.0,0.0
./img_data/live/8307_548271_live.jpg,1.0,1.0,0.0,0.0,0.0
./img_data/live/1707_213042_live.jpg,1.0,1.0,0.0,0.0,0.0
./img_data/spoof/5817_270876_spoof.jpg,0.017,0.0,6.0,4.0,1.0
./img_data/spoof/7621_004041_spoof.jpg,0.2,0.0,8.0,2.0,1.0
./img_data/spoof/9134_057537_spoof.jpg,0.001,0.0,9.0,3.0,2.0
./img_data/live/8216_187519_live.jpg,0.998,1.0,0.0,0.0,0.0
./img_data/spoof/6826_156707_spoof.jpg,0.015,0.0,7.0,4.0,1.0
./img_data/live/4578_163484_live.jpg,1.0,1.0,0.0,0.0,0.0
./img_data/live/8974_183995_live.jpg,1.0,1.0,0.0,0.0,0.0
./img_data/spoof/5274_195888_spoof.jpg,0.132,0.0,6.0,1.0,1.0
./img_data/live/8335_098212_live.jpg,1.0,1.0,0.0,0.0,0.0
./img_data/live/2372_137077_live.jpg,1.0,1.0,0.0,0.0,0.0
./img_data/live/4956_241194_live.jpg,1.0,1.0,0.0,0.0,0.0
./img_data/spoof/8158_134461_spoof.jpg,0.004,0.0,9.0,1.0,1.0
./img_data/spoof/3433_456732_spoof.jpg,0.001,0.0,4.0,1.0,1.0
./img_data/live/1335_242528_live.jpg,1.0,1.0,0.0,0.0,0.0
./img_data/spoof/4430_271386_spoof.jpg,0.018,0.0,5.0,1.0,1.0
./img_data/live/8243_417824_live.jpg,0.999,1.0,0.0,0.0,0.0
./img_data/spoof/4328_144861_spoof.jpg,0.0,0.0,5.0,1.0,1.0
./img_data/spoof/9514_165674_spoof.jpg,0.017,0.0,10.0,1.0,1.0
./img_data/spoof/1773_027879_spoof.jpg,0.057,0.0,2.0,4.0,1.0
./img_data/spoof/5393_098545_spoof.jpg,0.0,0.0,6.0,1.0,1.0
./img_data/live/3571_413055_live.jpg,1.0,1.0,0.0,0.0,0.0
./img_data/spoof/271_328247_spoof.jpg,0.194,0.0,1.0,1.0,1.0
./img_data/live/4875_291374_live.jpg,0.929,1.0,0.0,0.0,0.0
./img_data/spoof/6146_229552_spoof.jpg,0.001,0.0,7.0,1.0,1.0
./img_data/live/8304_296933_live.jpg,1.0,1.0,0.0,0.0,0.0
./img_data/spoof/4328_494347_spoof.jpg,0.008,0.0,5.0,1.0,1.0
./img_data/live/5834_397230_live.jpg,0.998,1.0,0.0,0.0,0.0
./img_data/spoof/277_257923_spoof.jpg,0.737,0.0,1.0,1.0,1.0
./img_data/spoof/6233_074505_spoof.jpg,0.0,0.0,7.0,1.0,1.0
./img_data/live/7003_258055_live.jpg,0.999,1.0,0.0,0.0,0.0
./img_data/live/5964_302689_live.jpg,0.995,1.0,0.0,0.0,0.0
./img_data/spoof/7643_193159_spoof.jpg,0.0,0.0,8.0,2.0,1.0
./img_data/spoof/6797_320280_spoof.jpg,0.0,0.0,7.0,3.0,1.0
./img_data/spoof/2225_092787_spoof.jpg,0.0,0.0,3.0,1.0,1.0
./img_data/spoof/2654_030285_spoof.jpg,0.178,0.0,3.0,2.0,1.0
./img_data/spoof/7392_169183_spoof.jpg,0.0,0.0,8.0,1.0,1.0
./img_data/spoof/8096_338874_spoof.jpg,0.002,0.0,8.0,3.0,2.0
./img_data/spoof/2469_095935_spoof.jpg,0.0,0.0,3.0,1.0,1.0
./img_data/live/9918_297529_live.jpg,1.0,1.0,0.0,0.0,0.0
./img_data/live/6018_164585_live.jpg,0.991,1.0,0.0,0.0,0.0
./img_data/live/5895_346551_live.jpg,0.999,1.0,0.0,0.0,0.0
./img_data/live/6344_484412_live.jpg,1.0,1.0,0.0,0.0,0.0
./img_data/live/4715_357756_live.jpg,0.999,1.0,0.0,0.0,0.0
./img_data/spoof/6977_239020_spoof.jpg,0.636,0.0,7.0,1.0,2.0
./img_data/spoof/295_327778_spoof.jpg,0.95,0.0,1.0,1.0,1.0
./img_data/live/3058_025062_live.jpg,0.978,1.0,0.0,0.0,0.0
./img_data/live/6301_553569_live.jpg,1.0,1.0,0.0,0.0,0.0
./img_data/live/2409_205370_live.jpg,1.0,1.0,0.0,0.0,0.0
./img_data/spoof/6806_381445_spoof.jpg,0.0,0.0,7.0,3.0,1.0
./img_data/spoof/5895_384966_spoof.jpg,0.0,0.0,6.0,1.0,2.0
./img_data/spoof/9350_441095_spoof.jpg,0.224,0.0,10.0,1.0,1.0
./img_data/spoof/8372_189878_spoof.jpg,0.0,0.0,9.0,1.0,1.0
./img_data/live/1156_032692_live.jpg,0.511,1.0,7.0,1.0,1.0
./img_data/live/1475_020953_live.jpg,1.0,1.0,0.0,0.0,0.0
./img_data/spoof/7777_433107_spoof.jpg,0.0,0.0,8.0,3.0,1.0
./img_data/live/5511_419454_live.jpg,1.0,1.0,0.0,0.0,0.0
./img_data/live/34_225211_live.jpg,0.38,1.0,0.0,0.0,0.0
./img_data/spoof/3139_224971_spoof.jpg,0.0,0.0,4.0,1.0,1.0
./img_data/spoof/9988_557875_spoof.jpg,0.0,0.0,10.0,4.0,1.0
./img_data/live/1285_408979_live.jpg,0.999,1.0,7.0,1.0,1.0
./img_data/spoof/6630_023880_spoof.jpg,0.001,0.0,7.0,2.0,1.0
./img_data/live/7107_026012_live.jpg,1.0,1.0,0.0,0.0,0.0
./img_data/spoof/7696_313078_spoof.jpg,0.759,0.0,8.0,2.0,1.0
./img_data/live/5873_279622_live.jpg,0.986,1.0,0.0,0.0,0.0
./img_data/spoof/8646_325070_spoof.jpg,0.0,0.0,9.0,2.0,1.0
./img_data/spoof/6951_271369_spoof.jpg,0.0,0.0,7.0,1.0,2.0
./img_data/spoof/2615_281184_spoof.jpg,0.0,0.0,3.0,2.0,1.0
./img_data/live/7261_141307_live.jpg,1.0,1.0,0.0,0.0,0.0
./img_data/live/8742_317220_live.jpg,0.999,1.0,0.0,0.0,0.0
./img_data/live/6024_149211_live.jpg,1.0,1.0,0.0,0.0,0.0
./img_data/live/8411_249753_live.jpg,1.0,1.0,0.0,0.0,0.0
./img_data/live/6399_509289_live.jpg,1.0,1.0,0.0,0.0,0.0
./img_data/spoof/9424_082969_spoof.jpg,0.0,0.0,10.0,1.0,1.0
./img_data/live/388_254043_live.jpg,1.0,1.0,0.0,0.0,0.0
./img_data/live/256_307051_live.jpg,1.0,1.0,0.0,0.0,0.0
./img_data/live/5601_114633_live.jpg,1.0,1.0,0.0,0.0,0.0
./img_data/spoof/1078_474689_spoof.jpg,0.0,0.0,2.0,1.0,1.0
./img_data/spoof/4205_075704_spoof.jpg,0.0,0.0,5.0,1.0,1.0
./img_data/spoof/5132_548522_spoof.jpg,0.019,0.0,5.0,1.0,1.0
./img_data/spoof/3020_085271_spoof.jpg,0.67,0.0,3.0,2.0,2.0
./img_data/live/1385_126528_live.jpg,0.962,1.0,0.0,0.0,0.0
./img_data/live/3717_369698_live.jpg,0.151,1.0,0.0,0.0,0.0
./img_data/spoof/6272_531720_spoof.jpg,0.051,0.0,3.0,2.0,1.0
./img_data/live/7146_129776_live.jpg,0.557,1.0,0.0,0.0,0.0
./img_data/spoof/9986_219890_spoof.jpg,0.385,0.0,10.0,1.0,2.0
./img_data/spoof/6848_034554_spoof.jpg,0.0,0.0,7.0,4.0,1.0
./img_data/spoof/9486_086995_spoof.jpg,0.114,0.0,10.0,1.0,1.0
./img_data/spoof/1775_231897_spoof.jpg,0.012,0.0,2.0,4.0,1.0
./img_data/spoof/5692_432781_spoof.jpg,0.0,0.0,6.0,2.0,1.0
./img_data/spoof/698_078225_spoof.jpg,0.0,0.0,1.0,4.0,1.0
./img_data/spoof/9521_440964_spoof.jpg,0.0,0.0,10.0,1.0,1.0
./img_data/spoof/9852_510333_spoof.jpg,0.016,0.0,10.0,1.0,1.0
./img_data/spoof/7330_085589_spoof.jpg,0.0,0.0,8.0,1.0,1.0
./img_data/live/607_021296_live.jpg,1.0,1.0,0.0,0.0,0.0
./img_data/spoof/592_063387_spoof.jpg,0.003,0.0,1.0,3.0,1.0
./img_data/spoof/9880_173081_spoof.jpg,0.004,0.0,10.0,4.0,1.0
./img_data/live/288_107536_live.jpg,1.0,1.0,0.0,0.0,0.0
./img_data/spoof/6797_326083_spoof.jpg,0.0,0.0,7.0,3.0,1.0
./img_data/spoof/8530_155953_spoof.jpg,0.0,0.0,9.0,1.0,1.0
./img_data/spoof/6375_065280_spoof.jpg,0.007,0.0,7.0,1.0,1.0
./img_data/live/5982_332090_live.jpg,0.994,1.0,0.0,0.0,0.0
./img_data/spoof/476_146149_spoof.jpg,0.0,0.0,1.0,1.0,1.0
./img_data/live/6399_558351_live.jpg,1.0,1.0,0.0,0.0,0.0
./img_data/spoof/6797_184868_spoof.jpg,0.0,0.0,7.0,3.0,1.0
./img_data/live/4571_299269_live.jpg,1.0,1.0,0.0,0.0,0.0
./img_data/live/4571_398154_live.jpg,0.999,1.0,0.0,0.0,0.0
./img_data/spoof/7143_069623_spoof.jpg,0.002,0.0,7.0,1.0,1.0
./img_data/spoof/8802_412668_spoof.jpg,0.002,0.0,9.0,3.0,1.0
./img_data/live/5153_476269_live.jpg,0.036,1.0,0.0,0.0,0.0
./img_data/spoof/4073_248699_spoof.jpg,0.011,0.0,4.0,3.0,2.0
./img_data/live/5903_222770_live.jpg,1.0,1.0,0.0,0.0,0.0
./img_data/live/6243_075982_live.jpg,1.0,1.0,0.0,0.0,0.0
./img_data/spoof/4652_414771_spoof.jpg,0.0,0.0,5.0,2.0,1.0
./img_data/live/6010_504451_live.jpg,1.0,1.0,0.0,0.0,0.0
./img_data/spoof/2734_198197_spoof.jpg,0.018,0.0,3.0,3.0,1.0
./img_data/live/5831_091709_live.jpg,1.0,1.0,0.0,0.0,0.0
./img_data/live/2280_263495_live.jpg,0.138,1.0,0.0,0.0,0.0
./img_data/live/7548_531009_live.jpg,1.0,1.0,0.0,0.0,0.0
./img_data/live/9134_040080_live.jpg,1.0,1.0,0.0,0.0,0.0
./img_data/spoof/8012_036090_spoof.jpg,0.004,0.0,8.0,1.0,2.0
./img_data/live/1181_152553_live.jpg,0.818,1.0,7.0,1.0,1.0
./img_data/spoof/7315_102084_spoof.jpg,0.003,0.0,8.0,1.0,1.0
./img_data/spoof/362_431029_spoof.jpg,0.0,0.0,1.0,1.0,1.0
./img_data/spoof/2326_356718_spoof.jpg,0.0,0.0,3.0,1.0,1.0
./img_data/spoof/3833_012098_spoof.jpg,0.002,0.0,4.0,4.0,1.0
./img_data/live/9065_116438_live.jpg,0.999,1.0,0.0,0.0,0.0
./img_data/spoof/9407_546434_spoof.jpg,0.84,0.0,9.0,3.0,1.0
./img_data/spoof/6410_469917_spoof.jpg,0.11,0.0,7.0,1.0,1.0
./img_data/live/2326_354616_live.jpg,1.0,1.0,0.0,0.0,0.0
./img_data/spoof/397_009849_spoof.jpg,0.0,0.0,1.0,1.0,1.0
./img_data/spoof/3167_482820_spoof.jpg,0.001,0.0,4.0,1.0,1.0
./img_data/spoof/1221_241229_spoof.jpg,0.0,0.0,2.0,1.0,1.0
./img_data/spoof/8933_441760_spoof.jpg,0.0,0.0,9.0,1.0,2.0
./img_data/live/8571_545396_live.jpg,1.0,1.0,0.0,0.0,0.0
./img_data/live/2118_035206_live.jpg,1.0,1.0,0.0,0.0,0.0
./img_data/live/5619_415279_live.jpg,1.0,1.0,0.0,0.0,0.0
./img_data/spoof/5023_522294_spoof.jpg,0.0,0.0,1.0,1.0,1.0
./img_data/live/1650_143836_live.jpg,0.996,1.0,0.0,0.0,0.0
./img_data/live/8489_539359_live.jpg,1.0,1.0,0.0,0.0,0.0
./img_data/spoof/5154_121363_spoof.jpg,0.0,0.0,6.0,1.0,1.0
./img_data/live/2734_315986_live.jpg,0.973,1.0,0.0,0.0,0.0
./img_data/spoof/6837_502322_spoof.jpg,0.172,0.0,4.0,4.0,1.0
./img_data/live/5001_468233_live.jpg,0.996,1.0,0.0,0.0,0.0
./img_data/spoof/7404_164161_spoof.jpg,0.0,0.0,8.0,1.0,1.0
./img_data/live/3046_466882_live.jpg,0.991,1.0,0.0,0.0,0.0
./img_data/live/1145_329131_live.jpg,0.995,1.0,0.0,0.0,0.0
./img_data/spoof/9825_472039_spoof.jpg,0.0,0.0,10.0,3.0,1.0
./img_data/live/6301_524428_live.jpg,1.0,1.0,0.0,0.0,0.0
./img_data/spoof/295_454543_spoof.jpg,0.0,0.0,1.0,1.0,1.0
./img_data/live/322_031539_live.jpg,0.022,1.0,0.0,0.0,0.0
./img_data/live/9682_298377_live.jpg,0.828,1.0,0.0,0.0,0.0
./img_data/spoof/8141_050285_spoof.jpg,0.178,0.0,8.0,1.0,1.0
./img_data/live/8216_403021_live.jpg,0.231,1.0,0.0,0.0,0.0
./img_data/live/9760_543014_live.jpg,1.0,1.0,0.0,0.0,0.0
./img_data/live/7246_511555_live.jpg,0.999,1.0,0.0,0.0,0.0
./img_data/spoof/2907_017414_spoof.jpg,0.0,0.0,3.0,1.0,2.0
./img_data/live/1078_423261_live.jpg,1.0,1.0,0.0,0.0,0.0
./img_data/live/277_241865_live.jpg,1.0,1.0,0.0,0.0,0.0
./img_data/live/8217_133187_live.jpg,1.0,1.0,0.0,0.0,0.0
./img_data/spoof/476_360941_spoof.jpg,0.0,0.0,1.0,2.0,1.0
./img_data/live/9539_036025_live.jpg,0.941,1.0,0.0,0.0,0.0
./img_data/spoof/164_235469_spoof.jpg,0.0,0.0,1.0,1.0,1.0
./img_data/spoof/5023_516618_spoof.jpg,0.0,0.0,1.0,1.0,1.0
./img_data/live/7725_125362_live.jpg,1.0,1.0,0.0,0.0,0.0
./img_data/live/61_440244_live.jpg,1.0,1.0,0.0,0.0,0.0
./img_data/live/362_034189_live.jpg,0.97,1.0,0.0,0.0,0.0
./img_data/spoof/747_445143_spoof.jpg,0.025,0.0,1.0,1.0,2.0
./img_data/spoof/9594_226122_spoof.jpg,0.001,0.0,10.0,1.0,1.0
./img_data/live/2019_419810_live.jpg,1.0,1.0,0.0,0.0,0.0
./img_data/live/6349_069872_live.jpg,1.0,1.0,0.0,0.0,0.0
./img_data/spoof/266_126365_spoof.jpg,0.0,0.0,1.0,1.0,1.0
./img_data/spoof/61_399569_spoof.jpg,0.0,0.0,1.0,1.0,1.0
./img_data/spoof/2409_270278_spoof.jpg,0.001,0.0,3.0,1.0,1.0
./img_data/live/6344_154321_live.jpg,1.0,1.0,0.0,0.0,0.0
./img_data/spoof/7485_111016_spoof.jpg,0.0,0.0,8.0,1.0,1.0
./img_data/spoof/3758_217029_spoof.jpg,0.001,0.0,4.0,3.0,1.0
./img_data/spoof/5817_440447_spoof.jpg,0.002,0.0,6.0,4.0,1.0
./img_data/live/7485_246155_live.jpg,1.0,1.0,0.0,0.0,0.0
./img_data/spoof/6699_145496_spoof.jpg,0.0,0.0,7.0,2.0,1.0
./img_data/live/587_379583_live.jpg,1.0,1.0,0.0,0.0,0.0
./img_data/spoof/9788_276289_spoof.jpg,0.0,0.0,10.0,3.0,1.0
./img_data/live/1945_278668_live.jpg,0.98,1.0,0.0,0.0,0.0
./img_data/spoof/9022_384373_spoof.jpg,0.001,0.0,9.0,1.0,2.0
./img_data/spoof/271_079143_spoof.jpg,0.0,0.0,1.0,1.0,1.0
./img_data/live/448_106632_live.jpg,1.0,1.0,0.0,0.0,0.0
./img_data/spoof/10114_050453_spoof.jpg,0.012,0.0,10.0,2.0,2.0
./img_data/spoof/8873_514596_spoof.jpg,0.001,0.0,8.0,2.0,1.0
./img_data/live/362_029430_live.jpg,1.0,1.0,0.0,0.0,0.0
./img_data/spoof/9754_429018_spoof.jpg,0.001,0.0,10.0,2.0,1.0
./img_data/live/856_204083_live.jpg,0.917,1.0,0.0,0.0,0.0
./img_data/live/8158_347738_live.jpg,1.0,1.0,0.0,0.0,0.0
./img_data/spoof/1167_195198_spoof.jpg,0.002,0.0,2.0,1.0,1.0
./img_data/spoof/3488_113682_spoof.jpg,0.0,0.0,4.0,1.0,1.0
./img_data/live/980_389287_live.jpg,1.0,1.0,0.0,0.0,0.0
./img_data/spoof/6659_245784_spoof.jpg,0.0,0.0,7.0,2.0,1.0
./img_data/live/9988_551300_live.jpg,1.0,1.0,0.0,0.0,0.0
./img_data/live/4960_123454_live.jpg,1.0,1.0,0.0,0.0,0.0
./img_data/spoof/6044_197660_spoof.jpg,0.0,0.0,6.0,2.0,2.0
./img_data/live/10016_049654_live.jpg,0.993,1.0,0.0,0.0,0.0
./img_data/spoof/9141_343925_spoof.jpg,0.0,0.0,9.0,4.0,2.0
./img_data/spoof/5622_421839_spoof.jpg,0.0,0.0,6.0,2.0,1.0
./img_data/spoof/8008_248476_spoof.jpg,0.323,0.0,8.0,1.0,2.0
./img_data/spoof/7665_028570_spoof.jpg,0.001,0.0,8.0,2.0,1.0
./img_data/spoof/9537_392049_spoof.jpg,0.001,0.0,10.0,1.0,1.0
./img_data/live/7154_337505_live.jpg,1.0,1.0,0.0,0.0,0.0
./img_data/live/9760_532100_live.jpg,0.034,1.0,0.0,0.0,0.0
./img_data/live/8761_098758_live.jpg,1.0,1.0,0.0,0.0,0.0
./img_data/live/2654_054494_live.jpg,1.0,1.0,0.0,0.0,0.0
./img_data/live/9318_460449_live.jpg,1.0,1.0,0.0,0.0,0.0
./img_data/spoof/5090_299854_spoof.jpg,0.0,0.0,5.0,4.0,2.0
./img_data/live/4588_418693_live.jpg,1.0,1.0,0.0,0.0,0.0
./img_data/live/5313_076048_live.jpg,0.999,1.0,0.0,0.0,0.0
./img_data/live/7610_196838_live.jpg,1.0,1.0,0.0,0.0,0.0
./img_data/live/9453_558887_live.jpg,1.0,1.0,0.0,0.0,0.0
./img_data/spoof/4476_279412_spoof.jpg,0.002,0.0,5.0,1.0,1.0
./img_data/live/5204_058189_live.jpg,1.0,1.0,0.0,0.0,0.0
./img_data/spoof/5484_470076_spoof.jpg,0.0,0.0,6.0,1.0,1.0
./img_data/spoof/2030_133180_spoof.jpg,0.001,0.0,2.0,4.0,2.0
./img_data/live/7704_098845_live.jpg,0.57,1.0,0.0,0.0,0.0
./img_data/live/3264_085613_live.jpg,1.0,1.0,0.0,0.0,0.0
./img_data/spoof/3717_235574_spoof.jpg,0.0,0.0,4.0,3.0,1.0
./img_data/spoof/503_097652_spoof.jpg,0.0,0.0,1.0,1.0,1.0
./img_data/live/8884_063497_live.jpg,0.968,1.0,0.0,0.0,0.0
./img_data/live/5964_231484_live.jpg,0.888,1.0,0.0,0.0,0.0
./img_data/live/9537_296232_live.jpg,0.001,1.0,0.0,0.0,0.0
./img_data/live/8139_351899_live.jpg,0.999,1.0,0.0,0.0,0.0
./img_data/live/4476_020496_live.jpg,1.0,1.0,0.0,0.0,0.0
./img_data/live/6797_280453_live.jpg,0.669,1.0,0.0,0.0,0.0
./img_data/live/5767_074801_live.jpg,1.0,1.0,0.0,0.0,0.0
./img_data/live/6547_372018_live.jpg,1.0,1.0,0.0,0.0,0.0
./img_data/spoof/8411_135215_spoof.jpg,0.001,0.0,9.0,1.0,1.0
./img_data/spoof/2386_041184_spoof.jpg,0.0,0.0,3.0,1.0,1.0
./img_data/spoof/5248_095336_spoof.jpg,0.0,0.0,6.0,1.0,1.0
./img_data/live/8411_330151_live.jpg,1.0,1.0,0.0,0.0,0.0
./img_data/live/1335_133410_live.jpg,1.0,1.0,0.0,0.0,0.0
./img_data/live/9155_185290_live.jpg,0.776,1.0,0.0,0.0,0.0
./img_data/spoof/7109_307174_spoof.jpg,0.097,0.0,7.0,3.0,2.0
./img_data/spoof/4825_266123_spoof.jpg,0.0,0.0,5.0,4.0,1.0
./img_data/live/5884_089219_live.jpg,0.903,1.0,0.0,0.0,0.0
./img_data/spoof/1575_167908_spoof.jpg,0.161,0.0,2.0,2.0,1.0
./img_data/spoof/8217_027878_spoof.jpg,0.0,0.0,9.0,2.0,1.0
./img_data/spoof/9865_004496_spoof.jpg,0.0,0.0,10.0,4.0,1.0
./img_data/spoof/850_036486_spoof.jpg,0.035,0.0,1.0,1.0,2.0
./img_data/live/8883_106826_live.jpg,1.0,1.0,0.0,0.0,0.0
./img_data/spoof/2464_350824_spoof.jpg,0.0,0.0,3.0,1.0,1.0
./img_data/live/9456_561208_live.jpg,1.0,1.0,0.0,0.0,0.0
./img_data/live/6987_438028_live.jpg,1.0,1.0,0.0,0.0,0.0
./img_data/live/8198_004186_live.jpg,0.994,1.0,0.0,0.0,0.0
./img_data/live/1002_224546_live.jpg,1.0,1.0,0.0,0.0,0.0
./img_data/live/8240_078572_live.jpg,0.99,1.0,0.0,0.0,0.0
./img_data/spoof/1808_179419_spoof.jpg,0.0,0.0,2.0,1.0,2.0
./img_data/live/6165_490478_live.jpg,0.999,1.0,0.0,0.0,0.0
./img_data/spoof/4715_345466_spoof.jpg,0.0,0.0,5.0,2.0,1.0
./img_data/live/2654_283647_live.jpg,1.0,1.0,0.0,0.0,0.0
./img_data/spoof/5154_443937_spoof.jpg,0.0,0.0,6.0,1.0,1.0
./img_data/spoof/10143_487558_spoof.jpg,0.001,0.0,10.0,3.0,2.0
./img_data/spoof/8304_256647_spoof.jpg,0.033,0.0,9.0,1.0,1.0
./img_data/live/5274_424395_live.jpg,1.0,1.0,0.0,0.0,0.0
./img_data/live/2464_045167_live.jpg,0.999,1.0,0.0,0.0,0.0
./img_data/live/8483_336939_live.jpg,1.0,1.0,0.0,0.0,0.0
./img_data/spoof/53_428743_spoof.jpg,0.0,0.0,1.0,1.0,1.0
./img_data/live/5484_321913_live.jpg,1.0,1.0,0.0,0.0,0.0
./img_data/spoof/5485_408533_spoof.jpg,0.0,0.0,6.0,1.0,1.0
./img_data/live/6243_216379_live.jpg,0.999,1.0,0.0,0.0,0.0
./img_data/spoof/5237_542361_spoof.jpg,0.978,0.0,1.0,2.0,1.0
./img_data/spoof/8243_448627_spoof.jpg,0.0,0.0,9.0,1.0,1.0
./img_data/live/9121_552081_live.jpg,1.0,1.0,0.0,0.0,0.0
./img_data/spoof/9865_221118_spoof.jpg,0.123,0.0,10.0,4.0,1.0
./img_data/spoof/6609_506901_spoof.jpg,0.0,0.0,4.0,1.0,1.0
./img_data/spoof/9381_178995_spoof.jpg,0.016,0.0,10.0,1.0,1.0
./img_data/live/5069_432624_live.jpg,1.0,1.0,0.0,0.0,0.0
./img_data/live/8240_131827_live.jpg,1.0,1.0,0.0,0.0,0.0
./img_data/live/9594_080979_live.jpg,1.0,1.0,0.0,0.0,0.0
./img_data/live/6375_218147_live.jpg,0.944,1.0,0.0,0.0,0.0
./img_data/spoof/3139_177574_spoof.jpg,0.002,0.0,4.0,1.0,1.0
./img_data/live/8384_548778_live.jpg,1.0,1.0,0.0,0.0,0.0
./img_data/spoof/9666_451606_spoof.jpg,0.0,0.0,10.0,2.0,1.0
./img_data/spoof/2535_073584_spoof.jpg,0.0,0.0,3.0,2.0,1.0
./img_data/live/9141_235338_live.jpg,0.963,1.0,0.0,0.0,0.0
./img_data/spoof/6678_352161_spoof.jpg,0.0,0.0,7.0,2.0,1.0
./img_data/spoof/8724_052311_spoof.jpg,0.014,0.0,9.0,2.0,1.0
./img_data/spoof/206_419401_spoof.jpg,0.006,0.0,1.0,1.0,1.0
./img_data/live/2225_413378_live.jpg,1.0,1.0,0.0,0.0,0.0
./img_data/spoof/4963_419956_spoof.jpg,0.002,0.0,5.0,1.0,2.0
./img_data/live/8784_213444_live.jpg,1.0,1.0,0.0,0.0,0.0
./img_data/spoof/3434_383631_spoof.jpg,0.878,0.0,4.0,1.0,1.0
./img_data/spoof/9353_161521_spoof.jpg,0.001,0.0,10.0,1.0,1.0
./img_data/spoof/2194_278232_spoof.jpg,0.001,0.0,3.0,1.0,1.0
./img_data/spoof/8529_414141_spoof.jpg,0.0,0.0,9.0,1.0,1.0
./img_data/spoof/751_293324_spoof.jpg,0.0,0.0,1.0,1.0,2.0
./img_data/spoof/8784_078282_spoof.jpg,0.0,0.0,9.0,3.0,1.0
./img_data/spoof/6212_373419_spoof.jpg,0.163,0.0,7.0,1.0,1.0
./img_data/live/4825_130604_live.jpg,0.345,1.0,0.0,0.0,0.0
./img_data/live/9629_378494_live.jpg,1.0,1.0,0.0,0.0,0.0
./img_data/live/7237_252305_live.jpg,1.0,1.0,0.0,0.0,0.0
./img_data/spoof/2917_087541_spoof.jpg,0.001,0.0,3.0,1.0,2.0
./img_data/live/8426_283545_live.jpg,1.0,1.0,0.0,0.0,0.0
./img_data/live/8991_457879_live.jpg,0.998,1.0,0.0,0.0,0.0
./img_data/spoof/7797_181494_spoof.jpg,0.0,0.0,8.0,3.0,1.0
./img_data/live/5522_255402_live.jpg,1.0,1.0,0.0,0.0,0.0
./img_data/spoof/4073_418011_spoof.jpg,0.0,0.0,4.0,3.0,2.0
./img_data/spoof/4037_166978_spoof.jpg,0.0,0.0,4.0,2.0,2.0
./img_data/live/7159_145485_live.jpg,0.999,1.0,0.0,0.0,0.0
./img_data/live/5851_242974_live.jpg,1.0,1.0,0.0,0.0,0.0
./img_data/live/266_142076_live.jpg,1.0,1.0,0.0,0.0,0.0
./img_data/spoof/2487_007694_spoof.jpg,0.0,0.0,3.0,1.0,1.0
./img_data/spoof/4996_514397_spoof.jpg,0.001,0.0,1.0,1.0,1.0
./img_data/spoof/3008_318010_spoof.jpg,0.239,0.0,3.0,2.0,2.0
./img_data/live/7297_096556_live.jpg,1.0,1.0,0.0,0.0,0.0
./img_data/spoof/10114_209983_spoof.jpg,0.056,0.0,10.0,2.0,2.0
